strategy_name,symbol,market_cap_name,market_cap_bucket,sector,signal_date,entry_date,exit_date,entry_price,exit_price,target_price,stop_price,outcome,success,holding_trading_days,holding_calendar_days,return_pct,max_favorable_excursion_pct,max_adverse_excursion_pct,forward_5d_return_pct,forward_10d_return_pct,forward_20d_return_pct,forward_60d_return_pct,exit_was_ambiguous,latest_available_date
target_10_stop_5,CHOICEIN,Midcap,Midcap,Financials,2025-10-31,2025-11-03,2025-11-06,837.8,795.91,921.58,795.91,STOP_LOSS,false,2,3,-5.0,0.38,-5.32,-5.23,-6.43,-6.34,-8.62,false,2026-06-25
target_5_stop_5,CHOICEIN,Midcap,Midcap,Financials,2025-10-31,2025-11-03,2025-11-06,837.8,795.91,879.69,795.91,STOP_LOSS,false,2,3,-5.0,0.38,-5.32,-5.23,-6.43,-6.34,-8.62,false,2026-06-25
target_10_stop_5,NAVINFLUOR,Largecap,Largecap,Chemicals,2025-10-31,2025-11-03,2026-01-19,5700.0,6270.0,6270.0,5415.0,TARGET_HIT,true,52,77,10.0,10.06,-4.56,5.68,5.73,1.52,7.0,false,2026-06-23
target_5_stop_5,NAVINFLUOR,Largecap,Largecap,Chemicals,2025-10-31,2025-11-03,2025-11-03,5700.0,5985.0,5985.0,5415.0,TARGET_HIT,true,0,0,5.0,7.0,0.0,5.68,5.73,1.52,7.0,false,2026-06-23
target_10_stop_5,RPEL,Midcap,Midcap,Building Materials,2025-11-03,2025-11-04,2025-11-10,877.0,964.7,964.7,833.15,TARGET_HIT,true,3,6,10.0,16.18,-1.29,14.16,20.28,20.16,-16.88,false,2026-06-23
target_5_stop_5,RPEL,Midcap,Midcap,Building Materials,2025-11-03,2025-11-04,2025-11-07,877.0,920.85,920.85,833.15,TARGET_HIT,true,2,3,5.0,5.74,-1.29,14.16,20.28,20.16,-16.88,false,2026-06-23
target_10_stop_5,SBFC,Midcap,Midcap,Financials,2025-11-03,2025-11-04,2025-11-06,119.19,113.23,131.11,113.23,STOP_LOSS,false,1,2,-5.0,0.0,-6.77,-7.92,-8.03,-10.95,-28.71,false,2026-06-23
target_5_stop_5,SBFC,Midcap,Midcap,Financials,2025-11-03,2025-11-04,2025-11-06,119.19,113.23,125.15,113.23,STOP_LOSS,false,1,2,-5.0,0.0,-6.77,-7.92,-8.03,-10.95,-28.71,false,2026-06-23
target_10_stop_5,GARUDA,Smallcap,Smallcap,Realty,2025-11-04,2025-11-06,2025-11-11,237.0,225.15,260.7,225.15,STOP_LOSS,false,3,5,-5.0,5.19,-7.55,-5.26,-8.15,-12.19,-33.31,false,2026-06-23
target_5_stop_5,GARUDA,Smallcap,Smallcap,Realty,2025-11-04,2025-11-06,2025-11-07,237.0,248.85,248.85,225.15,TARGET_HIT,true,1,1,5.0,5.19,-4.56,-5.26,-8.15,-12.19,-33.31,false,2026-06-23
target_10_stop_5,NEULANDLAB,Largecap,Largecap,Healthcare,2025-11-07,2025-11-10,2025-11-10,19000.0,18050.0,20900.0,18050.0,STOP_LOSS,false,0,0,-5.0,3.93,-5.68,-8.65,-14.3,-15.38,-28.78,false,2026-06-23
target_5_stop_5,NEULANDLAB,Largecap,Largecap,Healthcare,2025-11-07,2025-11-10,2025-11-10,19000.0,18050.0,19950.0,18050.0,STOP_LOSS,false,0,0,-5.0,3.93,-5.68,-8.65,-14.3,-15.38,-28.78,false,2026-06-23
target_10_stop_5,GAYAPROJ,Smallcap,Smallcap,Realty,2025-11-10,,,,,,,NO_PRICE_DATA,false,,,,,,,,,,false,
target_5_stop_5,GAYAPROJ,Smallcap,Smallcap,Realty,2025-11-10,,,,,,,NO_PRICE_DATA,false,,,,,,,,,,false,
target_10_stop_5,NEULANDLAB,Largecap,Largecap,Healthcare,2025-11-10,2025-11-11,2025-11-11,18113.0,17207.35,19924.3,17207.35,STOP_LOSS,false,0,0,-5.0,0.09,-5.61,-4.76,-6.99,-7.94,-27.11,false,2026-06-23
target_5_stop_5,NEULANDLAB,Largecap,Largecap,Healthcare,2025-11-10,2025-11-11,2025-11-11,18113.0,17207.35,19018.65,17207.35,STOP_LOSS,false,0,0,-5.0,0.09,-5.61,-4.76,-6.99,-7.94,-27.11,false,2026-06-23
target_10_stop_5,TORNTPHARM,Largecap,Largecap,Healthcare,2025-11-10,2025-11-11,2026-02-16,3817.5,4199.25,4199.25,3626.63,TARGET_HIT,true,67,97,10.0,13.29,-3.8,-0.7,-1.89,-1.4,4.16,false,2026-06-23
target_5_stop_5,TORNTPHARM,Largecap,Largecap,Healthcare,2025-11-10,2025-11-11,2026-01-07,3817.5,4008.38,4008.38,3626.63,TARGET_HIT,true,40,57,5.0,7.53,-3.8,-0.7,-1.89,-1.4,4.16,false,2026-06-23
target_10_stop_5,CANFINHOME,Midcap,Midcap,Financials,2025-11-11,2025-11-12,2026-02-27,898.5,853.58,988.35,853.58,STOP_LOSS,false,75,107,-5.0,8.12,-6.94,-0.91,-0.96,0.41,3.32,false,2026-06-22
target_5_stop_5,CANFINHOME,Midcap,Midcap,Financials,2025-11-11,2025-11-12,2025-12-22,898.5,943.43,943.43,853.58,TARGET_HIT,true,28,40,5.0,5.18,-4.28,-0.91,-0.96,0.41,3.32,false,2026-06-22
target_10_stop_5,M&M,Largecap,Largecap,Auto,2025-11-11,2025-11-12,2025-12-18,3761.0,3572.95,4137.1,3572.95,STOP_LOSS,false,26,36,-5.0,0.9,-5.87,-1.02,-1.98,-3.48,-4.87,false,2026-06-23
target_5_stop_5,M&M,Largecap,Largecap,Auto,2025-11-11,2025-11-12,2025-12-18,3761.0,3572.95,3949.05,3572.95,STOP_LOSS,false,26,36,-5.0,0.9,-5.87,-1.02,-1.98,-3.48,-4.87,false,2026-06-23
target_10_stop_5,BIOCON,Largecap,Largecap,Healthcare,2025-11-12,2025-11-13,2025-12-04,407.15,386.79,447.87,386.79,STOP_LOSS,false,15,21,-5.0,4.37,-5.64,-2.95,-1.84,-6.24,-8.15,false,2026-06-24
target_5_stop_5,BIOCON,Largecap,Largecap,Healthcare,2025-11-12,2025-11-13,2025-12-04,407.15,386.79,427.51,386.79,STOP_LOSS,false,15,21,-5.0,4.37,-5.64,-2.95,-1.84,-6.24,-8.15,false,2026-06-24
target_10_stop_5,THYROCARE,Midcap,Midcap,Healthcare,2025-11-13,2025-11-14,2025-12-02,496.9,472.05,546.59,472.05,STOP_LOSS,false,12,18,-5.0,8.01,-8.29,2.98,-0.24,-12.31,-18.22,false,2026-06-23
target_5_stop_5,THYROCARE,Midcap,Midcap,Healthcare,2025-11-13,2025-11-14,2025-11-14,496.9,521.75,521.75,472.05,TARGET_HIT,true,0,0,5.0,5.92,-1.37,2.98,-0.24,-12.31,-18.22,false,2026-06-23
target_10_stop_5,PANSARI,Smallcap,Smallcap,Realty,2025-11-17,,,,,,,NO_PRICE_DATA,false,,,,,,,,,,false,
target_5_stop_5,PANSARI,Smallcap,Smallcap,Realty,2025-11-17,,,,,,,NO_PRICE_DATA,false,,,,,,,,,,false,
target_10_stop_5,INDOTHAI,Smallcap,Smallcap,Financials,2025-11-19,2025-11-20,2025-11-25,417.7,459.47,459.47,396.82,TARGET_HIT,true,3,5,10.0,11.32,0.0,5.48,0.55,-13.45,-37.13,false,2026-06-22
target_5_stop_5,INDOTHAI,Smallcap,Smallcap,Financials,2025-11-19,2025-11-20,2025-11-20,417.7,438.59,438.59,396.82,TARGET_HIT,true,0,0,5.0,6.54,0.0,5.48,0.55,-13.45,-37.13,false,2026-06-22
target_10_stop_5,EICHERMOT,Largecap,Largecap,Auto,2025-11-20,2025-11-21,2026-02-02,7125.5,6769.23,7838.05,6769.23,STOP_LOSS,false,49,73,-5.0,6.85,-5.44,-1.01,1.16,1.28,12.76,false,2026-06-23
target_5_stop_5,EICHERMOT,Largecap,Largecap,Auto,2025-11-20,2025-11-21,2026-01-05,7125.5,7481.78,7481.78,6769.23,TARGET_HIT,true,30,45,5.0,5.46,-2.38,-1.01,1.16,1.28,12.76,false,2026-06-23
target_10_stop_5,STEL,Smallcap,Smallcap,Financials,2025-11-27,,,,,,,NO_PRICE_DATA,false,,,,,,,,,,false,
target_5_stop_5,STEL,Smallcap,Smallcap,Financials,2025-11-27,,,,,,,NO_PRICE_DATA,false,,,,,,,,,,false,
target_10_stop_5,GLOBAL,Smallcap,Smallcap,Services,2025-12-01,,,,,,,NO_PRICE_DATA,false,,,,,,,,,,false,
target_5_stop_5,GLOBAL,Smallcap,Smallcap,Services,2025-12-01,,,,,,,NO_PRICE_DATA,false,,,,,,,,,,false,
target_10_stop_5,HINDCOPPER,Largecap,Largecap,Metals & Mining,2025-12-04,2025-12-05,2025-12-22,362.9,399.19,399.19,344.75,TARGET_HIT,true,11,17,10.0,12.68,-3.69,5.35,6.79,52.27,50.68,false,2026-06-24
target_5_stop_5,HINDCOPPER,Largecap,Largecap,Metals & Mining,2025-12-04,2025-12-05,2025-12-12,362.9,381.05,381.05,344.75,TARGET_HIT,true,5,7,5.0,6.01,-3.69,5.35,6.79,52.27,50.68,false,2026-06-24
target_10_stop_5,SHRIPISTON,Midcap,Midcap,Auto,2025-12-05,2025-12-08,2025-12-08,2870.0,3157.0,3157.0,2726.5,TARGET_HIT,true,0,0,10.0,11.5,-0.12,11.97,10.65,16.23,4.14,false,2026-06-23
target_5_stop_5,SHRIPISTON,Midcap,Midcap,Auto,2025-12-05,2025-12-08,2025-12-08,2870.0,3013.5,3013.5,2726.5,TARGET_HIT,true,0,0,5.0,11.5,-0.12,11.97,10.65,16.23,4.14,false,2026-06-23
target_10_stop_5,DREDGECORP,Smallcap,Smallcap,Miscellaneous,2025-12-08,2025-12-09,2025-12-18,979.95,930.95,1077.95,930.95,STOP_LOSS,false,7,9,-5.0,9.24,-5.62,4.2,1.12,-6.23,-0.43,false,2026-06-23
target_5_stop_5,DREDGECORP,Smallcap,Smallcap,Miscellaneous,2025-12-08,2025-12-09,2025-12-09,979.95,1028.95,1028.95,930.95,TARGET_HIT,true,0,0,5.0,7.66,-3.39,4.2,1.12,-6.23,-0.43,false,2026-06-23
target_10_stop_5,TEAMGTY,Smallcap,Smallcap,Financials,2025-12-08,,,,,,,NO_PRICE_DATA,false,,,,,,,,,,false,
target_5_stop_5,TEAMGTY,Smallcap,Smallcap,Financials,2025-12-08,,,,,,,NO_PRICE_DATA,false,,,,,,,,,,false,
target_10_stop_5,JINDALPHOT,Smallcap,Smallcap,Financials,2025-12-10,,,,,,,NO_PRICE_DATA,false,,,,,,,,,,false,
target_5_stop_5,JINDALPHOT,Smallcap,Smallcap,Financials,2025-12-10,,,,,,,NO_PRICE_DATA,false,,,,,,,,,,false,
target_10_stop_5,HINDZINC,Largecap,Largecap,Metals & Mining,2025-12-12,2025-12-15,2025-12-24,562.1,618.31,618.31,534.0,TARGET_HIT,true,7,9,10.0,12.42,-1.13,7.9,11.24,12.05,3.72,false,2026-06-23
target_5_stop_5,HINDZINC,Largecap,Largecap,Metals & Mining,2025-12-12,2025-12-15,2025-12-18,562.1,590.21,590.21,534.0,TARGET_HIT,true,3,3,5.0,5.74,-1.13,7.9,11.24,12.05,3.72,false,2026-06-23
target_10_stop_5,NAVINFLUOR,Largecap,Largecap,Chemicals,2025-12-12,2025-12-15,2025-12-18,6115.0,5809.25,6726.5,5809.25,STOP_LOSS,false,3,3,-5.0,1.47,-5.4,-3.79,0.35,-2.08,1.72,false,2026-06-23
target_5_stop_5,NAVINFLUOR,Largecap,Largecap,Chemicals,2025-12-12,2025-12-15,2025-12-18,6115.0,5809.25,6420.75,5809.25,STOP_LOSS,false,3,3,-5.0,1.47,-5.4,-3.79,0.35,-2.08,1.72,false,2026-06-23
target_10_stop_5,SMCGLOBAL,Smallcap,Smallcap,Financials,2025-12-12,,,,,,,NO_PRICE_DATA,false,,,,,,,,,,false,
target_5_stop_5,SMCGLOBAL,Smallcap,Smallcap,Financials,2025-12-12,,,,,,,NO_PRICE_DATA,false,,,,,,,,,,false,
target_10_stop_5,GPPL,Midcap,Midcap,Transportation,2025-12-19,2025-12-22,2025-12-26,193.85,184.16,213.24,184.16,STOP_LOSS,false,3,4,-5.0,1.97,-6.21,-6.76,-2.23,-12.66,-22.84,false,2026-06-23
target_5_stop_5,GPPL,Midcap,Midcap,Transportation,2025-12-19,2025-12-22,2025-12-26,193.85,184.16,203.54,184.16,STOP_LOSS,false,3,4,-5.0,1.97,-6.21,-6.76,-2.23,-12.66,-22.84,false,2026-06-23
target_10_stop_5,MANAPPURAM,Largecap,Largecap,Financials,2025-12-24,2025-12-26,2026-01-09,316.1,300.3,347.71,300.3,STOP_LOSS,false,10,14,-5.0,1.74,-11.88,-1.57,-9.57,-6.64,-20.07,false,2026-06-25
target_5_stop_5,MANAPPURAM,Largecap,Largecap,Financials,2025-12-24,2025-12-26,2026-01-09,316.1,300.3,331.91,300.3,STOP_LOSS,false,10,14,-5.0,1.74,-11.88,-1.57,-9.57,-6.64,-20.07,false,2026-06-25
target_10_stop_5,SANDUMA,Midcap,Midcap,Metals & Mining,2025-12-24,2025-12-26,2025-12-29,242.0,229.9,266.2,229.9,STOP_LOSS,false,1,3,-5.0,4.55,-7.02,9.38,-7.12,-13.09,-26.93,false,2026-06-25
target_5_stop_5,SANDUMA,Midcap,Midcap,Metals & Mining,2025-12-24,2025-12-26,2025-12-29,242.0,229.9,254.1,229.9,STOP_LOSS,false,1,3,-5.0,4.55,-7.02,9.38,-7.12,-13.09,-26.93,false,2026-06-25
target_10_stop_5,CHOICEIN,Midcap,Midcap,Financials,2025-12-30,2025-12-31,2026-01-21,830.0,788.5,913.0,788.5,STOP_LOSS,false,14,21,-5.0,3.67,-6.59,1.09,0.19,-7.77,-26.49,false,2026-06-25
target_5_stop_5,CHOICEIN,Midcap,Midcap,Financials,2025-12-30,2025-12-31,2026-01-21,830.0,788.5,871.5,788.5,STOP_LOSS,false,14,21,-5.0,3.67,-6.59,1.09,0.19,-7.77,-26.49,false,2026-06-25
target_10_stop_5,CHOICEIN,Midcap,Midcap,Financials,2025-12-31,2026-01-01,2026-01-20,840.3,798.29,924.33,798.29,STOP_LOSS,false,12,19,-5.0,2.4,-5.81,-1.2,-2.1,-10.19,-23.81,false,2026-06-25
target_5_stop_5,CHOICEIN,Midcap,Midcap,Financials,2025-12-31,2026-01-01,2026-01-20,840.3,798.29,882.32,798.29,STOP_LOSS,false,12,19,-5.0,2.4,-5.81,-1.2,-2.1,-10.19,-23.81,false,2026-06-25
target_10_stop_5,INDUSTOWER,Largecap,Largecap,Telecom,2025-12-31,2026-01-01,2026-02-11,421.05,463.16,463.16,400.0,TARGET_HIT,true,28,41,10.0,12.1,-4.66,2.33,3.04,0.69,0.52,false,2026-06-23
target_5_stop_5,INDUSTOWER,Largecap,Largecap,Telecom,2025-12-31,2026-01-01,2026-01-02,421.05,442.1,442.1,400.0,TARGET_HIT,true,1,1,5.0,5.93,0.0,2.33,3.04,0.69,0.52,false,2026-06-23
target_10_stop_5,LTF,Largecap,Largecap,Financials,2025-12-31,2026-01-01,2026-01-09,315.95,300.15,347.55,300.15,STOP_LOSS,false,6,8,-5.0,4.27,-5.59,-2.74,-6.19,-11.66,-22.57,false,2026-06-23
target_5_stop_5,LTF,Largecap,Largecap,Financials,2025-12-31,2026-01-01,2026-01-09,315.95,300.15,331.75,300.15,STOP_LOSS,false,6,8,-5.0,4.27,-5.59,-2.74,-6.19,-11.66,-22.57,false,2026-06-23
target_10_stop_5,BAJAJ-AUTO,Largecap,Largecap,Auto,2026-01-01,2026-01-02,2026-01-21,9550.0,9072.5,10505.0,9072.5,STOP_LOSS,false,12,19,-5.0,3.54,-5.01,0.13,-1.26,-0.56,-8.29,false,2026-06-23
target_5_stop_5,BAJAJ-AUTO,Largecap,Largecap,Auto,2026-01-01,2026-01-02,2026-01-21,9550.0,9072.5,10027.5,9072.5,STOP_LOSS,false,12,19,-5.0,3.54,-5.01,0.13,-1.26,-0.56,-8.29,false,2026-06-23
target_10_stop_5,INDUSTOWER,Largecap,Largecap,Telecom,2026-01-01,2026-01-02,2026-01-20,438.0,416.1,481.8,416.1,STOP_LOSS,false,11,18,-5.0,3.87,-5.78,-1.05,-2.19,-1.42,-3.0,false,2026-06-23
target_5_stop_5,INDUSTOWER,Largecap,Largecap,Telecom,2026-01-01,2026-01-02,2026-01-20,438.0,416.1,459.9,416.1,STOP_LOSS,false,11,18,-5.0,3.87,-5.78,-1.05,-2.19,-1.42,-3.0,false,2026-06-23
target_10_stop_5,KIRIINDUS,Smallcap,Smallcap,Chemicals,2026-01-01,,,,,,,NO_PRICE_DATA,false,,,,,,,,,,false,
target_5_stop_5,KIRIINDUS,Smallcap,Smallcap,Chemicals,2026-01-01,,,,,,,NO_PRICE_DATA,false,,,,,,,,,,false,
target_10_stop_5,AETHER,Midcap,Midcap,Chemicals,2026-01-02,2026-01-05,2026-02-02,947.95,1042.75,1042.75,900.55,TARGET_HIT,true,19,28,10.0,10.71,-1.37,3.85,1.95,6.19,16.13,false,2026-06-24
target_5_stop_5,AETHER,Midcap,Midcap,Chemicals,2026-01-02,2026-01-05,2026-01-06,947.95,995.35,995.35,900.55,TARGET_HIT,true,1,1,5.0,7.79,-1.37,3.85,1.95,6.19,16.13,false,2026-06-24
target_10_stop_5,CHOLAFIN,Largecap,Largecap,Financials,2026-01-02,2026-01-05,2026-01-13,1782.0,1692.9,1960.2,1692.9,STOP_LOSS,false,6,8,-5.0,2.78,-5.11,-4.0,-7.41,-4.92,-21.82,false,2026-06-23
target_5_stop_5,CHOLAFIN,Largecap,Largecap,Financials,2026-01-02,2026-01-05,2026-01-13,1782.0,1692.9,1871.1,1692.9,STOP_LOSS,false,6,8,-5.0,2.78,-5.11,-4.0,-7.41,-4.92,-21.82,false,2026-06-23
target_10_stop_5,COALINDIA,Largecap,Largecap,Metals & Mining,2026-01-02,2026-01-05,2026-02-13,430.95,409.4,474.05,409.4,STOP_LOSS,false,28,39,-5.0,7.1,-5.3,0.31,-3.63,-0.36,6.64,false,2026-06-25
target_5_stop_5,COALINDIA,Largecap,Largecap,Metals & Mining,2026-01-02,2026-01-05,2026-01-29,430.95,452.5,452.5,409.4,TARGET_HIT,true,16,24,5.0,7.1,-4.5,0.31,-3.63,-0.36,6.64,false,2026-06-25
target_10_stop_5,IIFLCAPS,Midcap,Midcap,Financials,2026-01-05,2026-01-06,2026-01-12,388.95,369.5,427.85,369.5,STOP_LOSS,false,4,6,-5.0,5.75,-5.81,-4.85,-10.45,-13.78,-32.37,false,2026-06-23
target_5_stop_5,IIFLCAPS,Midcap,Midcap,Financials,2026-01-05,2026-01-06,2026-01-07,388.95,408.4,408.4,369.5,TARGET_HIT,true,1,1,5.0,5.75,-1.98,-4.85,-10.45,-13.78,-32.37,false,2026-06-23
target_10_stop_5,SAILIFE,Largecap,Largecap,Healthcare,2026-01-05,2026-01-06,2026-01-12,962.1,914.0,1058.31,914.0,STOP_LOSS,false,4,6,-5.0,2.21,-7.86,-5.96,-15.99,-15.81,-1.71,false,2026-06-12
target_5_stop_5,SAILIFE,Largecap,Largecap,Healthcare,2026-01-05,2026-01-06,2026-01-12,962.1,914.0,1010.21,914.0,STOP_LOSS,false,4,6,-5.0,2.21,-7.86,-5.96,-15.99,-15.81,-1.71,false,2026-06-12
target_10_stop_5,BLISSGVS,Midcap,Midcap,Healthcare,2026-01-06,,,,,,,NO_PRICE_DATA,false,,,,,,,,,,false,
target_5_stop_5,BLISSGVS,Midcap,Midcap,Healthcare,2026-01-06,,,,,,,NO_PRICE_DATA,false,,,,,,,,,,false,
target_10_stop_5,AGIIL,Smallcap,Smallcap,Realty,2026-01-07,,,,,,,NO_PRICE_DATA,false,,,,,,,,,,false,
target_5_stop_5,AGIIL,Smallcap,Smallcap,Realty,2026-01-07,,,,,,,NO_PRICE_DATA,false,,,,,,,,,,false,
target_10_stop_5,BLISSGVS,Midcap,Midcap,Healthcare,2026-01-07,,,,,,,NO_PRICE_DATA,false,,,,,,,,,,false,
target_5_stop_5,BLISSGVS,Midcap,Midcap,Healthcare,2026-01-07,,,,,,,NO_PRICE_DATA,false,,,,,,,,,,false,
target_10_stop_5,JBCHEPHARM,Largecap,Largecap,Healthcare,2026-01-07,2026-01-08,2026-01-30,1930.0,1833.5,2123.0,1833.5,STOP_LOSS,false,14,22,-5.0,0.31,-7.99,-1.35,-4.35,-4.17,2.08,false,2026-06-12
target_5_stop_5,JBCHEPHARM,Largecap,Largecap,Healthcare,2026-01-07,2026-01-08,2026-01-30,1930.0,1833.5,2026.5,1833.5,STOP_LOSS,false,14,22,-5.0,0.31,-7.99,-1.35,-4.35,-4.17,2.08,false,2026-06-12
target_10_stop_5,AIIL,Largecap,Largecap,Financials,2026-01-13,2026-01-14,2026-01-19,645.0,612.75,709.5,612.75,STOP_LOSS,false,2,5,-5.0,4.65,-6.71,-13.95,-21.67,-23.15,-30.5,false,2026-06-23
target_5_stop_5,AIIL,Largecap,Largecap,Financials,2026-01-13,2026-01-14,2026-01-19,645.0,612.75,677.25,612.75,STOP_LOSS,false,2,5,-5.0,4.65,-6.71,-13.95,-21.67,-23.15,-30.5,false,2026-06-23
target_10_stop_5,CREDITACC,Largecap,Largecap,Financials,2026-01-22,2026-01-23,2026-01-27,1435.0,1363.25,1578.5,1363.25,STOP_LOSS,false,1,4,-5.0,2.01,-8.46,-11.27,-10.11,-10.39,-13.83,false,2026-06-24
target_5_stop_5,CREDITACC,Largecap,Largecap,Financials,2026-01-22,2026-01-23,2026-01-27,1435.0,1363.25,1506.75,1363.25,STOP_LOSS,false,1,4,-5.0,2.01,-8.46,-11.27,-10.11,-10.39,-13.83,false,2026-06-24
target_10_stop_5,SEAMECLTD,Smallcap,Smallcap,Miscellaneous,2026-01-23,,,,,,,NO_PRICE_DATA,false,,,,,,,,,,false,
target_5_stop_5,SEAMECLTD,Smallcap,Smallcap,Miscellaneous,2026-01-23,,,,,,,NO_PRICE_DATA,false,,,,,,,,,,false,
target_10_stop_5,BEL,Largecap,Largecap,Aerospace & Defence,2026-01-28,2026-01-29,2026-02-01,454.25,431.54,499.68,431.54,STOP_LOSS,false,2,3,-5.0,1.63,-11.04,-3.31,-3.68,-3.29,-3.68,false,2026-06-25
target_5_stop_5,BEL,Largecap,Largecap,Aerospace & Defence,2026-01-28,2026-01-29,2026-02-01,454.25,431.54,476.96,431.54,STOP_LOSS,false,2,3,-5.0,1.63,-11.04,-3.31,-3.68,-3.29,-3.68,false,2026-06-25
target_10_stop_5,GESHIP,Largecap,Largecap,Transportation,2026-01-28,2026-01-29,2026-02-09,1183.7,1302.07,1302.07,1124.52,TARGET_HIT,true,8,11,10.0,11.94,-4.96,4.65,13.96,13.78,31.33,false,2026-06-12
target_5_stop_5,GESHIP,Largecap,Largecap,Transportation,2026-01-28,2026-01-29,2026-01-30,1183.7,1242.89,1242.89,1124.52,TARGET_HIT,true,1,1,5.0,7.0,-2.04,4.65,13.96,13.78,31.33,false,2026-06-12
target_10_stop_5,OIL,Largecap,Largecap,Energy,2026-01-28,2026-01-29,2026-02-13,492.95,468.3,542.25,468.3,STOP_LOSS,false,12,15,-5.0,6.3,-8.25,2.87,-2.78,-4.6,-0.02,false,2026-06-23
target_5_stop_5,OIL,Largecap,Largecap,Energy,2026-01-28,2026-01-29,2026-01-29,492.95,517.6,517.6,468.3,TARGET_HIT,true,0,0,5.0,5.49,0.0,2.87,-2.78,-4.6,-0.02,false,2026-06-23
target_10_stop_5,ACUTAAS,Largecap,Largecap,Healthcare,2026-01-29,2026-01-30,2026-02-01,1930.0,1833.5,2123.0,1833.5,STOP_LOSS,false,1,2,-5.0,1.42,-7.2,2.62,8.47,13.22,34.41,false,2026-06-23
target_5_stop_5,ACUTAAS,Largecap,Largecap,Healthcare,2026-01-29,2026-01-30,2026-02-01,1930.0,1833.5,2026.5,1833.5,STOP_LOSS,false,1,2,-5.0,1.42,-7.2,2.62,8.47,13.22,34.41,false,2026-06-23
target_10_stop_5,ECLERX,Midcap,Midcap,I.T,2026-02-03,2026-02-04,2026-02-04,2473.5,2349.82,2720.85,2349.82,STOP_LOSS,false,0,0,-5.0,0.0,-9.85,-21.33,-26.29,-37.4,-35.57,false,2026-06-12
target_5_stop_5,ECLERX,Midcap,Midcap,I.T,2026-02-03,2026-02-04,2026-02-04,2473.5,2349.82,2597.18,2349.82,STOP_LOSS,false,0,0,-5.0,0.0,-9.85,-21.33,-26.29,-37.4,-35.57,false,2026-06-12
target_10_stop_5,NAM-INDIA,Largecap,Largecap,Financials,2026-02-03,2026-02-04,2026-03-04,928.0,881.6,1020.8,881.6,STOP_LOSS,false,19,28,-5.0,6.93,-9.37,2.4,5.45,-7.25,19.33,false,2026-06-23
target_5_stop_5,NAM-INDIA,Largecap,Largecap,Financials,2026-02-03,2026-02-04,2026-02-18,928.0,974.4,974.4,881.6,TARGET_HIT,true,10,14,5.0,5.8,-3.02,2.4,5.45,-7.25,19.33,false,2026-06-23
target_10_stop_5,PFOCUS,Midcap,Midcap,Realty,2026-02-03,2026-02-04,2026-02-09,255.94,281.53,281.53,243.14,TARGET_HIT,true,6,5,10.0,14.09,-3.1,2.63,4.94,11.25,0.08,false,2026-06-23
target_5_stop_5,PFOCUS,Midcap,Midcap,Realty,2026-02-03,2026-02-04,2026-02-05,255.94,268.74,268.74,243.14,TARGET_HIT,true,2,1,5.0,9.6,-3.1,2.63,4.94,11.25,0.08,false,2026-06-23
target_10_stop_5,AIAENG,Largecap,Largecap,Industrials,2026-02-04,2026-02-05,2026-02-06,4120.0,3914.0,4532.0,3914.0,STOP_LOSS,false,1,1,-5.0,0.2,-6.41,-4.1,-3.88,-10.81,-3.59,false,2026-06-23
target_5_stop_5,AIAENG,Largecap,Largecap,Industrials,2026-02-04,2026-02-05,2026-02-06,4120.0,3914.0,4326.0,3914.0,STOP_LOSS,false,1,1,-5.0,0.2,-6.41,-4.1,-3.88,-10.81,-3.59,false,2026-06-23
target_10_stop_5,SAKAR,Smallcap,Smallcap,Healthcare,2026-02-05,,,,,,,NO_PRICE_DATA,false,,,,,,,,,,false,
target_5_stop_5,SAKAR,Smallcap,Smallcap,Healthcare,2026-02-05,,,,,,,NO_PRICE_DATA,false,,,,,,,,,,false,
target_10_stop_5,BLISSGVS,Midcap,Midcap,Healthcare,2026-02-09,,,,,,,NO_PRICE_DATA,false,,,,,,,,,,false,
target_5_stop_5,BLISSGVS,Midcap,Midcap,Healthcare,2026-02-09,,,,,,,NO_PRICE_DATA,false,,,,,,,,,,false,
target_10_stop_5,BSE,Largecap,Largecap,Financials,2026-02-10,2026-02-11,2026-02-13,3191.6,3032.02,3510.76,3032.02,STOP_LOSS,false,2,2,-5.0,1.11,-5.44,-11.52,-13.13,-10.68,26.51,false,2026-06-23
target_5_stop_5,BSE,Largecap,Largecap,Financials,2026-02-10,2026-02-11,2026-02-13,3191.6,3032.02,3351.18,3032.02,STOP_LOSS,false,2,2,-5.0,1.11,-5.44,-11.52,-13.13,-10.68,26.51,false,2026-06-23
target_10_stop_5,ANURAS,Midcap,Midcap,Chemicals,2026-02-11,2026-02-12,2026-02-16,1362.8,1294.66,1499.08,1294.66,STOP_LOSS,false,2,4,-5.0,3.24,-9.44,-1.83,-8.15,-9.38,0.97,false,2026-06-12
target_5_stop_5,ANURAS,Midcap,Midcap,Chemicals,2026-02-11,2026-02-12,2026-02-16,1362.8,1294.66,1430.94,1294.66,STOP_LOSS,false,2,4,-5.0,3.24,-9.44,-1.83,-8.15,-9.38,0.97,false,2026-06-12
target_10_stop_5,EICHERMOT,Largecap,Largecap,Auto,2026-02-11,2026-02-12,2026-03-09,7779.5,7390.53,8557.45,7390.53,STOP_LOSS,false,16,25,-5.0,5.79,-6.97,1.51,5.28,-13.35,-9.83,false,2026-06-23
target_5_stop_5,EICHERMOT,Largecap,Largecap,Auto,2026-02-11,2026-02-12,2026-02-26,7779.5,8168.48,8168.48,7390.53,TARGET_HIT,true,10,14,5.0,5.73,-0.25,1.51,5.28,-13.35,-9.83,false,2026-06-23
target_10_stop_5,GRASIM,Largecap,Largecap,Textiles,2026-02-11,2026-02-12,2026-02-27,2940.4,2793.38,3234.44,2793.38,STOP_LOSS,false,11,15,-5.0,0.67,-5.32,-2.59,-2.62,-12.64,-0.22,false,2026-06-23
target_5_stop_5,GRASIM,Largecap,Largecap,Textiles,2026-02-11,2026-02-12,2026-02-27,2940.4,2793.38,3087.42,2793.38,STOP_LOSS,false,11,15,-5.0,0.67,-5.32,-2.59,-2.62,-12.64,-0.22,false,2026-06-23
target_10_stop_5,HAPPYFORGE,Midcap,Midcap,Industrials,2026-02-12,,,,,,,NO_PRICE_DATA,false,,,,,,,,,,false,
target_5_stop_5,HAPPYFORGE,Midcap,Midcap,Industrials,2026-02-12,,,,,,,NO_PRICE_DATA,false,,,,,,,,,,false,
target_10_stop_5,DELPHIFX,Smallcap,Smallcap,Financials,2026-02-13,,,,,,,NO_PRICE_DATA,false,,,,,,,,,,false,
target_5_stop_5,DELPHIFX,Smallcap,Smallcap,Financials,2026-02-13,,,,,,,NO_PRICE_DATA,false,,,,,,,,,,false,
target_10_stop_5,DIVGIITTS,Smallcap,Smallcap,Auto,2026-02-13,2026-02-16,2026-02-25,762.0,723.9,838.2,723.9,STOP_LOSS,false,7,9,-5.0,5.37,-6.5,0.57,-12.34,-11.61,-11.33,false,2026-06-22
target_5_stop_5,DIVGIITTS,Smallcap,Smallcap,Auto,2026-02-13,2026-02-16,2026-02-16,762.0,800.1,800.1,723.9,TARGET_HIT,true,0,0,5.0,5.37,-2.17,0.57,-12.34,-11.61,-11.33,false,2026-06-22
target_10_stop_5,TORNTPHARM,Largecap,Largecap,Healthcare,2026-02-13,2026-02-16,2026-04-02,4144.3,3937.09,4558.73,3937.09,STOP_LOSS,false,30,45,-5.0,8.17,-6.59,3.94,5.43,3.89,7.62,false,2026-06-23
target_5_stop_5,TORNTPHARM,Largecap,Largecap,Healthcare,2026-02-13,2026-02-16,2026-02-24,4144.3,4351.52,4351.52,3937.09,TARGET_HIT,true,6,8,5.0,6.72,-0.63,3.94,5.43,3.89,7.62,false,2026-06-23
target_10_stop_5,JBCHEPHARM,Largecap,Largecap,Healthcare,2026-02-16,2026-02-17,2026-03-20,1989.0,2187.9,2187.9,1889.55,TARGET_HIT,true,22,31,10.0,10.36,-1.29,4.09,3.16,6.49,8.78,false,2026-06-12
target_5_stop_5,JBCHEPHARM,Largecap,Largecap,Healthcare,2026-02-16,2026-02-17,2026-02-25,1989.0,2088.45,2088.45,1889.55,TARGET_HIT,true,6,8,5.0,5.11,-1.29,4.09,3.16,6.49,8.78,false,2026-06-12
target_10_stop_5,JPOLYINVST,Smallcap,Smallcap,Financials,2026-02-16,,,,,,,NO_PRICE_DATA,false,,,,,,,,,,false,
target_5_stop_5,JPOLYINVST,Smallcap,Smallcap,Financials,2026-02-16,,,,,,,NO_PRICE_DATA,false,,,,,,,,,,false,
target_10_stop_5,RACLGEAR,Smallcap,Smallcap,Auto,2026-02-16,2026-02-17,2026-02-17,1506.3,1656.93,1656.93,1430.99,TARGET_HIT,true,0,0,10.0,12.32,-1.65,-6.96,-9.15,-18.97,-15.69,false,2026-06-22
target_5_stop_5,RACLGEAR,Smallcap,Smallcap,Auto,2026-02-16,2026-02-17,2026-02-17,1506.3,1581.62,1581.62,1430.99,TARGET_HIT,true,0,0,5.0,12.32,-1.65,-6.96,-9.15,-18.97,-15.69,false,2026-06-22
target_10_stop_5,TORNTPHARM,Largecap,Largecap,Healthcare,2026-02-16,2026-02-17,2026-04-02,4271.5,4057.93,4698.65,4057.93,STOP_LOSS,false,29,44,-5.0,4.95,-9.37,2.96,1.63,0.42,3.69,false,2026-06-23
target_5_stop_5,TORNTPHARM,Largecap,Largecap,Healthcare,2026-02-16,2026-02-17,2026-04-02,4271.5,4057.93,4485.08,4057.93,STOP_LOSS,false,29,44,-5.0,4.95,-9.37,2.96,1.63,0.42,3.69,false,2026-06-23
target_10_stop_5,GRAPHITE,Midcap,Midcap,Industrials,2026-02-17,2026-02-18,2026-02-27,672.95,740.25,740.25,639.3,TARGET_HIT,true,7,9,10.0,11.0,-0.29,6.89,1.74,-10.88,10.6,false,2026-06-12
target_5_stop_5,GRAPHITE,Midcap,Midcap,Industrials,2026-02-17,2026-02-18,2026-02-25,672.95,706.6,706.6,639.3,TARGET_HIT,true,5,7,5.0,8.03,-0.29,6.89,1.74,-10.88,10.6,false,2026-06-12
target_10_stop_5,JPOLYINVST,Smallcap,Smallcap,Financials,2026-02-17,,,,,,,NO_PRICE_DATA,false,,,,,,,,,,false,
target_5_stop_5,JPOLYINVST,Smallcap,Smallcap,Financials,2026-02-17,,,,,,,NO_PRICE_DATA,false,,,,,,,,,,false,
target_10_stop_5,TFCILTD,Smallcap,Smallcap,Financials,2026-02-17,,,,,,,NO_PRICE_DATA,false,,,,,,,,,,false,
target_5_stop_5,TFCILTD,Smallcap,Smallcap,Financials,2026-02-17,,,,,,,NO_PRICE_DATA,false,,,,,,,,,,false,
target_10_stop_5,ABSLAMC,Largecap,Largecap,Financials,2026-02-18,2026-02-19,2026-03-02,907.35,861.98,998.09,861.98,STOP_LOSS,false,7,11,-5.0,3.0,-5.84,0.61,1.88,4.11,11.5,false,2026-06-23
target_5_stop_5,ABSLAMC,Largecap,Largecap,Financials,2026-02-18,2026-02-19,2026-03-02,907.35,861.98,952.72,861.98,STOP_LOSS,false,7,11,-5.0,3.0,-5.84,0.61,1.88,4.11,11.5,false,2026-06-23
target_10_stop_5,CUMMINSIND,Largecap,Largecap,Industrials,2026-02-18,2026-02-19,2026-03-23,4702.4,4467.28,5172.64,4467.28,STOP_LOSS,false,21,32,-5.0,6.05,-6.56,5.54,2.09,-1.85,13.84,false,2026-06-23
target_5_stop_5,CUMMINSIND,Largecap,Largecap,Industrials,2026-02-18,2026-02-19,2026-02-24,4702.4,4937.52,4937.52,4467.28,TARGET_HIT,true,3,5,5.0,5.09,-1.76,5.54,2.09,-1.85,13.84,false,2026-06-23
target_10_stop_5,UNIVPHOTO,Smallcap,Smallcap,Consumer Discretionary,2026-02-18,,,,,,,NO_PRICE_DATA,false,,,,,,,,,,false,
target_5_stop_5,UNIVPHOTO,Smallcap,Smallcap,Consumer Discretionary,2026-02-18,,,,,,,NO_PRICE_DATA,false,,,,,,,,,,false,
target_10_stop_5,UNITEDTEA,Smallcap,Smallcap,FMCG,2026-02-20,,,,,,,NO_PRICE_DATA,false,,,,,,,,,,false,
target_5_stop_5,UNITEDTEA,Smallcap,Smallcap,FMCG,2026-02-20,,,,,,,NO_PRICE_DATA,false,,,,,,,,,,false,
target_10_stop_5,MASFIN,Midcap,Midcap,Financials,2026-02-23,2026-02-24,2026-02-27,343.75,326.56,378.13,326.56,STOP_LOSS,false,3,3,-5.0,0.07,-6.04,-10.98,-11.74,-12.22,-8.25,false,2026-06-22
target_5_stop_5,MASFIN,Midcap,Midcap,Financials,2026-02-23,2026-02-24,2026-02-27,343.75,326.56,360.94,326.56,STOP_LOSS,false,3,3,-5.0,0.07,-6.04,-10.98,-11.74,-12.22,-8.25,false,2026-06-22
target_10_stop_5,AGIIL,Smallcap,Smallcap,Realty,2026-02-25,,,,,,,NO_PRICE_DATA,false,,,,,,,,,,false,
target_5_stop_5,AGIIL,Smallcap,Smallcap,Realty,2026-02-25,,,,,,,NO_PRICE_DATA,false,,,,,,,,,,false,
target_10_stop_5,DATAPATTNS,Largecap,Largecap,Aerospace & Defence,2026-02-26,2026-02-27,2026-03-06,3230.0,3553.0,3553.0,3068.5,TARGET_HIT,true,4,7,10.0,11.75,-4.71,8.15,-4.15,-3.79,24.62,false,2026-06-23
target_5_stop_5,DATAPATTNS,Largecap,Largecap,Aerospace & Defence,2026-02-26,2026-02-27,2026-03-05,3230.0,3391.5,3391.5,3068.5,TARGET_HIT,true,3,6,5.0,5.94,-4.71,8.15,-4.15,-3.79,24.62,false,2026-06-23
target_10_stop_5,AEROFLEX,Midcap,Midcap,Metals & Mining,2026-02-27,2026-03-02,2026-03-09,221.0,209.95,243.1,209.95,STOP_LOSS,false,4,7,-5.0,6.33,-6.34,-0.23,13.92,14.38,96.56,false,2026-06-23
target_5_stop_5,AEROFLEX,Midcap,Midcap,Metals & Mining,2026-02-27,2026-03-02,2026-03-02,221.0,232.05,232.05,209.95,TARGET_HIT,true,0,0,5.0,6.33,0.0,-0.23,13.92,14.38,96.56,false,2026-06-23
target_10_stop_5,SAILIFE,Largecap,Largecap,Healthcare,2026-02-27,2026-03-02,2026-03-13,992.5,942.88,1091.75,942.88,STOP_LOSS,false,8,11,-5.0,9.22,-5.49,1.83,-0.64,-3.28,14.63,false,2026-06-12
target_5_stop_5,SAILIFE,Largecap,Largecap,Healthcare,2026-02-27,2026-03-02,2026-03-05,992.5,1042.13,1042.13,942.88,TARGET_HIT,true,2,3,5.0,9.22,-3.68,1.83,-0.64,-3.28,14.63,false,2026-06-12
target_10_stop_5,AUROPHARMA,Largecap,Largecap,Healthcare,2026-03-10,2026-03-11,2026-04-22,1291.0,1420.1,1420.1,1226.45,TARGET_HIT,true,26,42,10.0,10.39,-3.95,-1.7,1.3,3.78,13.41,false,2026-06-23
target_5_stop_5,AUROPHARMA,Largecap,Largecap,Healthcare,2026-03-10,2026-03-11,2026-04-01,1291.0,1355.55,1355.55,1226.45,TARGET_HIT,true,13,21,5.0,5.34,-3.95,-1.7,1.3,3.78,13.41,false,2026-06-23
target_10_stop_5,COALINDIA,Largecap,Largecap,Metals & Mining,2026-03-12,2026-03-13,2026-03-18,473.0,449.35,520.3,449.35,STOP_LOSS,false,3,5,-5.0,0.63,-5.03,-1.03,-4.77,-8.51,-6.12,false,2026-06-25
target_5_stop_5,COALINDIA,Largecap,Largecap,Metals & Mining,2026-03-12,2026-03-13,2026-03-18,473.0,449.35,496.65,449.35,STOP_LOSS,false,3,5,-5.0,0.63,-5.03,-1.03,-4.77,-8.51,-6.12,false,2026-06-25
target_10_stop_5,TIMKEN,Largecap,Largecap,Industrials,2026-03-16,2026-03-17,2026-03-19,3439.1,3267.15,3783.01,3267.15,STOP_LOSS,false,2,2,-5.0,0.0,-7.53,-8.79,-2.65,1.86,4.91,false,2026-06-22
target_5_stop_5,TIMKEN,Largecap,Largecap,Industrials,2026-03-16,2026-03-17,2026-03-19,3439.1,3267.15,3611.06,3267.15,STOP_LOSS,false,2,2,-5.0,0.0,-7.53,-8.79,-2.65,1.86,4.91,false,2026-06-22
target_10_stop_5,IPCALAB,Largecap,Largecap,Healthcare,2026-03-17,2026-03-18,2026-04-02,1560.0,1482.0,1716.0,1482.0,STOP_LOSS,false,9,15,-5.0,3.85,-8.17,0.64,-6.67,-5.35,-1.05,false,2026-06-23
target_5_stop_5,IPCALAB,Largecap,Largecap,Healthcare,2026-03-17,2026-03-18,2026-04-02,1560.0,1482.0,1638.0,1482.0,STOP_LOSS,false,9,15,-5.0,3.85,-8.17,0.64,-6.67,-5.35,-1.05,false,2026-06-23
target_10_stop_5,MAHAPEXLTD,Smallcap,Smallcap,Financials,2026-03-18,,,,,,,NO_PRICE_DATA,false,,,,,,,,,,false,
target_5_stop_5,MAHAPEXLTD,Smallcap,Smallcap,Financials,2026-03-18,,,,,,,NO_PRICE_DATA,false,,,,,,,,,,false,
target_10_stop_5,TATAPOWER,Largecap,Largecap,Power & Utilities,2026-03-20,2026-03-23,2026-03-23,402.7,382.57,442.97,382.57,STOP_LOSS,false,0,0,-5.0,0.15,-7.38,-5.59,-1.99,8.02,-1.17,false,2026-06-23
target_5_stop_5,TATAPOWER,Largecap,Largecap,Power & Utilities,2026-03-20,2026-03-23,2026-03-23,402.7,382.57,422.84,382.57,STOP_LOSS,false,0,0,-5.0,0.15,-7.38,-5.59,-1.99,8.02,-1.17,false,2026-06-23
target_10_stop_5,PFOCUS,Midcap,Midcap,Realty,2026-03-24,2026-03-25,2026-03-30,312.05,343.26,343.26,296.45,TARGET_HIT,true,4,5,10.0,10.11,-4.21,5.54,12.0,8.17,-23.03,false,2026-06-23
target_5_stop_5,PFOCUS,Midcap,Midcap,Realty,2026-03-24,2026-03-25,2026-03-27,312.05,327.65,327.65,296.45,TARGET_HIT,true,2,2,5.0,5.72,-4.21,5.54,12.0,8.17,-23.03,false,2026-06-23
target_10_stop_5,GRANULES,Midcap,Midcap,Healthcare,2026-03-25,2026-03-27,2026-04-23,629.1,692.01,692.01,597.65,TARGET_HIT,true,16,27,10.0,10.7,-4.28,1.54,3.74,11.99,,false,2026-06-23
target_5_stop_5,GRANULES,Midcap,Midcap,Healthcare,2026-03-25,2026-03-27,2026-04-20,629.1,660.56,660.56,597.65,TARGET_HIT,true,13,24,5.0,8.89,-4.28,1.54,3.74,11.99,,false,2026-06-23
target_10_stop_5,ADANIENSOL,Largecap,Largecap,Power & Utilities,2026-04-08,2026-04-09,2026-04-13,1073.2,1180.52,1180.52,1019.54,TARGET_HIT,true,2,4,10.0,10.63,-1.9,17.39,31.56,24.9,,false,2026-06-23
target_5_stop_5,ADANIENSOL,Largecap,Largecap,Power & Utilities,2026-04-08,2026-04-09,2026-04-10,1073.2,1126.86,1126.86,1019.54,TARGET_HIT,true,1,1,5.0,8.13,-1.9,17.39,31.56,24.9,,false,2026-06-23
target_10_stop_5,STEELCAS,Smallcap,Smallcap,Industrials,2026-04-08,,,,,,,NO_PRICE_DATA,false,,,,,,,,,,false,
target_5_stop_5,STEELCAS,Smallcap,Smallcap,Industrials,2026-04-08,,,,,,,NO_PRICE_DATA,false,,,,,,,,,,false,
target_10_stop_5,BSE,Largecap,Largecap,Financials,2026-04-09,2026-04-10,2026-04-29,3310.0,3641.0,3641.0,3144.5,TARGET_HIT,true,12,19,10.0,11.04,-3.31,4.85,6.79,16.37,,false,2026-06-23
target_5_stop_5,BSE,Largecap,Largecap,Financials,2026-04-09,2026-04-10,2026-04-17,3310.0,3475.5,3475.5,3144.5,TARGET_HIT,true,4,7,5.0,7.25,-3.31,4.85,6.79,16.37,,false,2026-06-23
target_10_stop_5,CUMMINSIND,Largecap,Largecap,Industrials,2026-04-10,2026-04-13,2026-05-27,5030.0,5533.0,5533.0,4778.5,TARGET_HIT,true,30,44,10.0,21.25,-1.57,1.72,4.53,3.62,,false,2026-06-23
target_5_stop_5,CUMMINSIND,Largecap,Largecap,Industrials,2026-04-10,2026-04-13,2026-04-27,5030.0,5281.5,5281.5,4778.5,TARGET_HIT,true,9,14,5.0,5.54,-1.57,1.72,4.53,3.62,,false,2026-06-23
target_10_stop_5,INOXINDIA,Midcap,Midcap,Industrials,2026-04-10,2026-04-13,2026-04-15,1299.1,1429.01,1429.01,1234.14,TARGET_HIT,true,1,2,10.0,14.69,-0.92,14.13,14.48,9.68,,false,2026-06-23
target_5_stop_5,INOXINDIA,Midcap,Midcap,Industrials,2026-04-10,2026-04-13,2026-04-13,1299.1,1364.06,1364.06,1234.14,TARGET_HIT,true,0,0,5.0,9.69,-0.92,14.13,14.48,9.68,,false,2026-06-23
target_10_stop_5,MCX,Largecap,Largecap,Financials,2026-04-10,2026-04-13,2026-04-29,2650.0,2915.0,2915.0,2517.5,TARGET_HIT,true,11,16,10.0,12.49,-0.79,6.63,9.36,20.91,,false,2026-06-23
target_5_stop_5,MCX,Largecap,Largecap,Financials,2026-04-10,2026-04-13,2026-04-15,2650.0,2782.5,2782.5,2517.5,TARGET_HIT,true,1,2,5.0,9.02,-0.79,6.63,9.36,20.91,,false,2026-06-23
target_10_stop_5,SHRIPISTON,Midcap,Midcap,Auto,2026-04-10,2026-04-13,2026-05-14,3501.0,3325.95,3851.1,3325.95,STOP_LOSS,false,21,31,-5.0,7.54,-5.67,2.45,-0.71,-2.86,,false,2026-06-23
target_5_stop_5,SHRIPISTON,Midcap,Midcap,Auto,2026-04-10,2026-04-13,2026-04-13,3501.0,3676.05,3676.05,3325.95,TARGET_HIT,true,0,0,5.0,5.06,0.0,2.45,-0.71,-2.86,,false,2026-06-23
target_10_stop_5,SONACOMS,Largecap,Largecap,Auto,2026-04-10,2026-04-13,2026-04-29,549.75,604.73,604.73,522.26,TARGET_HIT,true,11,16,10.0,11.21,-1.63,5.74,8.92,7.57,,false,2026-06-23
target_5_stop_5,SONACOMS,Largecap,Largecap,Auto,2026-04-10,2026-04-13,2026-04-15,549.75,577.24,577.24,522.26,TARGET_HIT,true,1,2,5.0,7.54,-1.63,5.74,8.92,7.57,,false,2026-06-23
target_10_stop_5,TDPOWERSYS,Midcap,Midcap,Industrials,2026-04-10,2026-04-13,2026-04-17,915.0,1006.5,1006.5,869.25,TARGET_HIT,true,3,4,10.0,10.27,-1.02,11.2,25.2,28.51,,false,2026-06-23
target_5_stop_5,TDPOWERSYS,Midcap,Midcap,Industrials,2026-04-10,2026-04-13,2026-04-15,915.0,960.75,960.75,869.25,TARGET_HIT,true,1,2,5.0,5.54,-1.02,11.2,25.2,28.51,,false,2026-06-23
target_10_stop_5,MCX,Largecap,Largecap,Financials,2026-04-13,2026-04-15,2026-05-08,2844.9,3129.39,3129.39,2702.66,TARGET_HIT,true,16,23,10.0,10.23,-3.12,-2.17,4.34,17.37,,false,2026-06-23
target_5_stop_5,MCX,Largecap,Largecap,Financials,2026-04-13,2026-04-15,2026-05-04,2844.9,2987.15,2987.15,2702.66,TARGET_HIT,true,12,19,5.0,6.89,-3.12,-2.17,4.34,17.37,,false,2026-06-23
target_10_stop_5,KIRLOSENG,Largecap,Largecap,Industrials,2026-04-15,2026-04-16,2026-05-15,1618.0,1537.1,1779.8,1537.1,STOP_LOSS,false,20,29,-5.0,9.7,-5.06,-0.48,4.96,7.55,,false,2026-06-23
target_5_stop_5,KIRLOSENG,Largecap,Largecap,Industrials,2026-04-15,2026-04-16,2026-04-28,1618.0,1698.9,1698.9,1537.1,TARGET_HIT,true,8,12,5.0,7.59,-2.87,-0.48,4.96,7.55,,false,2026-06-23
target_10_stop_5,NMDC,Largecap,Largecap,Metals & Mining,2026-04-15,2026-04-16,2026-06-02,87.6,96.36,96.36,83.22,TARGET_HIT,true,31,47,10.0,11.0,-2.0,-0.33,3.16,4.35,,false,2026-06-23
target_5_stop_5,NMDC,Largecap,Largecap,Metals & Mining,2026-04-15,2026-04-16,2026-04-29,87.6,91.98,91.98,83.22,TARGET_HIT,true,9,13,5.0,5.9,-2.0,-0.33,3.16,4.35,,false,2026-06-23
target_10_stop_5,PAISALO,Midcap,Midcap,Financials,2026-04-15,,,,,,,NO_PRICE_DATA,false,,,,,,,,,,false,
target_5_stop_5,PAISALO,Midcap,Midcap,Financials,2026-04-15,,,,,,,NO_PRICE_DATA,false,,,,,,,,,,false,
target_10_stop_5,PFC,Largecap,Largecap,Financials,2026-04-15,2026-04-16,2026-05-20,447.8,425.41,492.58,425.41,STOP_LOSS,false,23,34,-5.0,8.64,-5.68,4.91,0.13,-0.46,,false,2026-06-23
target_5_stop_5,PFC,Largecap,Largecap,Financials,2026-04-15,2026-04-16,2026-04-20,447.8,470.19,470.19,425.41,TARGET_HIT,true,2,4,5.0,6.12,-0.29,4.91,0.13,-0.46,,false,2026-06-23
target_10_stop_5,QPOWER,Midcap,Midcap,Industrials,2026-04-15,2026-04-16,2026-04-17,1125.05,1237.56,1237.56,1068.8,TARGET_HIT,true,2,1,10.0,11.02,-2.68,13.53,22.11,22.66,3.37,false,2026-06-25
target_5_stop_5,QPOWER,Midcap,Midcap,Industrials,2026-04-15,2026-04-16,2026-04-17,1125.05,1181.3,1181.3,1068.8,TARGET_HIT,true,2,1,5.0,11.02,-2.68,13.53,22.11,22.66,3.37,false,2026-06-25
target_10_stop_5,TATAPOWER,Largecap,Largecap,Power & Utilities,2026-04-15,2026-04-16,2026-05-13,427.4,406.03,470.14,406.03,STOP_LOSS,false,18,27,-5.0,8.77,-8.56,0.68,4.01,-4.77,,false,2026-06-23
target_5_stop_5,TATAPOWER,Largecap,Largecap,Power & Utilities,2026-04-15,2026-04-16,2026-04-27,427.4,448.77,448.77,406.03,TARGET_HIT,true,7,11,5.0,6.68,-2.62,0.68,4.01,-4.77,,false,2026-06-23
target_10_stop_5,TIMKEN,Largecap,Largecap,Industrials,2026-04-15,2026-04-16,2026-04-29,3599.0,3419.05,3958.9,3419.05,STOP_LOSS,false,9,13,-5.0,2.24,-5.11,0.03,-4.73,-1.88,,false,2026-06-22
target_5_stop_5,TIMKEN,Largecap,Largecap,Industrials,2026-04-15,2026-04-16,2026-04-29,3599.0,3419.05,3778.95,3419.05,STOP_LOSS,false,9,13,-5.0,2.24,-5.11,0.03,-4.73,-1.88,,false,2026-06-22
target_10_stop_5,AZAD,Midcap,Midcap,Aerospace & Defence,2026-04-16,2026-04-17,2026-04-23,1875.1,2062.61,2062.61,1781.34,TARGET_HIT,true,4,6,10.0,14.61,-1.02,11.47,15.28,2.42,,false,2026-06-23
target_5_stop_5,AZAD,Midcap,Midcap,Aerospace & Defence,2026-04-16,2026-04-17,2026-04-22,1875.1,1968.86,1968.86,1781.34,TARGET_HIT,true,3,5,5.0,5.86,-1.02,11.47,15.28,2.42,,false,2026-06-23
target_10_stop_5,DIVGIITTS,Smallcap,Smallcap,Auto,2026-04-16,2026-04-17,2026-04-20,800.95,760.9,881.05,760.9,STOP_LOSS,false,1,3,-5.0,0.01,-6.32,-6.05,-11.49,-18.79,,false,2026-06-22
target_5_stop_5,DIVGIITTS,Smallcap,Smallcap,Auto,2026-04-16,2026-04-17,2026-04-20,800.95,760.9,841.0,760.9,STOP_LOSS,false,1,3,-5.0,0.01,-6.32,-6.05,-11.49,-18.79,,false,2026-06-22
target_10_stop_5,GMDCLTD,Midcap,Midcap,Metals & Mining,2026-04-16,2026-04-17,2026-04-20,746.75,709.41,821.43,709.41,STOP_LOSS,false,1,3,-5.0,3.37,-7.73,-10.3,-2.56,-15.26,,false,2026-06-23
target_5_stop_5,GMDCLTD,Midcap,Midcap,Metals & Mining,2026-04-16,2026-04-17,2026-04-20,746.75,709.41,784.09,709.41,STOP_LOSS,false,1,3,-5.0,3.37,-7.73,-10.3,-2.56,-15.26,,false,2026-06-23
target_10_stop_5,IMFA,Midcap,Midcap,Metals & Mining,2026-04-16,2026-04-17,2026-04-21,1564.9,1486.66,1721.39,1486.66,STOP_LOSS,false,2,4,-5.0,1.14,-5.55,-3.85,-8.63,-7.3,,false,2026-06-25
target_5_stop_5,IMFA,Midcap,Midcap,Metals & Mining,2026-04-16,2026-04-17,2026-04-21,1564.9,1486.66,1643.15,1486.66,STOP_LOSS,false,2,4,-5.0,1.14,-5.55,-3.85,-8.63,-7.3,,false,2026-06-25
target_10_stop_5,NATIONALUM,Largecap,Largecap,Metals & Mining,2026-04-16,2026-04-17,2026-04-30,432.0,410.4,475.2,410.4,STOP_LOSS,false,9,13,-5.0,3.04,-8.74,1.17,-5.6,-7.3,,false,2026-06-23
target_5_stop_5,NATIONALUM,Largecap,Largecap,Metals & Mining,2026-04-16,2026-04-17,2026-04-30,432.0,410.4,453.6,410.4,STOP_LOSS,false,9,13,-5.0,3.04,-8.74,1.17,-5.6,-7.3,,false,2026-06-23
target_10_stop_5,NLCINDIA,Largecap,Largecap,Power & Utilities,2026-04-16,2026-04-17,2026-05-04,300.0,330.0,330.0,285.0,TARGET_HIT,true,10,17,10.0,10.0,-2.28,-0.3,6.8,16.05,,false,2026-06-23
target_5_stop_5,NLCINDIA,Largecap,Largecap,Power & Utilities,2026-04-16,2026-04-17,2026-04-20,300.0,315.0,315.0,285.0,TARGET_HIT,true,1,3,5.0,6.18,-0.4,-0.3,6.8,16.05,,false,2026-06-23
target_10_stop_5,SCI,Midcap,Midcap,Transportation,2026-04-16,2026-04-17,2026-04-17,292.29,321.52,321.52,277.68,TARGET_HIT,true,0,0,10.0,10.44,-0.1,-1.37,8.98,17.93,,false,2026-06-12
target_5_stop_5,SCI,Midcap,Midcap,Transportation,2026-04-16,2026-04-17,2026-04-17,292.29,306.9,306.9,277.68,TARGET_HIT,true,0,0,5.0,10.44,-0.1,-1.37,8.98,17.93,,false,2026-06-12
target_10_stop_5,SENORES,Midcap,Midcap,Healthcare,2026-04-16,,,,,,,NO_PRICE_DATA,false,,,,,,,,,,false,
target_5_stop_5,SENORES,Midcap,Midcap,Healthcare,2026-04-16,,,,,,,NO_PRICE_DATA,false,,,,,,,,,,false,
target_10_stop_5,VEDL,Largecap,Largecap,Metals & Mining,2026-04-16,2026-04-17,2026-04-23,409.75,389.26,450.73,389.26,STOP_LOSS,false,4,6,-5.0,1.55,-6.36,-7.91,-28.09,-20.2,,false,2026-06-23
target_5_stop_5,VEDL,Largecap,Largecap,Metals & Mining,2026-04-16,2026-04-17,2026-04-23,409.75,389.26,430.24,389.26,STOP_LOSS,false,4,6,-5.0,1.55,-6.36,-7.91,-28.09,-20.2,,false,2026-06-23
target_10_stop_5,LAURUSLABS,Largecap,Largecap,Healthcare,2026-04-17,2026-04-20,2026-05-11,1135.75,1249.33,1249.33,1078.96,TARGET_HIT,true,14,21,10.0,12.46,-4.91,-1.07,2.5,18.42,,false,2026-06-23
target_5_stop_5,LAURUSLABS,Largecap,Largecap,Healthcare,2026-04-17,2026-04-20,2026-05-06,1135.75,1192.54,1192.54,1078.96,TARGET_HIT,true,11,16,5.0,5.71,-4.91,-1.07,2.5,18.42,,false,2026-06-23
target_10_stop_5,LLOYDSME,Largecap,Largecap,Metals & Mining,2026-04-17,2026-04-20,2026-05-04,1631.0,1794.1,1794.1,1549.45,TARGET_HIT,true,9,14,10.0,11.28,-0.77,6.09,9.37,2.05,,false,2026-06-23
target_5_stop_5,LLOYDSME,Largecap,Largecap,Metals & Mining,2026-04-17,2026-04-20,2026-04-27,1631.0,1712.55,1712.55,1549.45,TARGET_HIT,true,5,7,5.0,7.11,-0.77,6.09,9.37,2.05,,false,2026-06-23
target_10_stop_5,NAM-INDIA,Largecap,Largecap,Financials,2026-04-17,2026-04-20,2026-04-24,1024.95,973.7,1127.45,973.7,STOP_LOSS,false,4,4,-5.0,3.85,-5.16,-3.44,2.72,5.59,,false,2026-06-23
target_5_stop_5,NAM-INDIA,Largecap,Largecap,Financials,2026-04-17,2026-04-20,2026-04-24,1024.95,973.7,1076.2,973.7,STOP_LOSS,false,4,4,-5.0,3.85,-5.16,-3.44,2.72,5.59,,false,2026-06-23
target_10_stop_5,NAVA,Midcap,Midcap,Miscellaneous,2026-04-17,2026-04-20,2026-04-24,700.0,665.0,770.0,665.0,STOP_LOSS,false,4,4,-5.0,3.57,-6.71,-4.57,-3.19,-13.88,,false,2026-06-12
target_5_stop_5,NAVA,Midcap,Midcap,Miscellaneous,2026-04-17,2026-04-20,2026-04-24,700.0,665.0,735.0,665.0,STOP_LOSS,false,4,4,-5.0,3.57,-6.71,-4.57,-3.19,-13.88,,false,2026-06-12
target_10_stop_5,SATIN,Smallcap,Smallcap,Financials,2026-04-17,,,,,,,NO_PRICE_DATA,false,,,,,,,,,,false,
target_5_stop_5,SATIN,Smallcap,Smallcap,Financials,2026-04-17,,,,,,,NO_PRICE_DATA,false,,,,,,,,,,false,
target_10_stop_5,ADANIGREEN,Largecap,Largecap,Power & Utilities,2026-04-20,2026-04-21,2026-04-29,1155.15,1270.67,1270.67,1097.39,TARGET_HIT,true,6,8,10.0,10.11,-1.05,8.21,17.13,18.01,,false,2026-06-23
target_5_stop_5,ADANIGREEN,Largecap,Largecap,Power & Utilities,2026-04-20,2026-04-21,2026-04-23,1155.15,1212.91,1212.91,1097.39,TARGET_HIT,true,2,2,5.0,7.35,-1.05,8.21,17.13,18.01,,false,2026-06-23
target_10_stop_5,ARIHANT,Smallcap,Smallcap,Realty,2026-04-20,,,,,,,NO_PRICE_DATA,false,,,,,,,,,,false,
target_5_stop_5,ARIHANT,Smallcap,Smallcap,Realty,2026-04-20,,,,,,,NO_PRICE_DATA,false,,,,,,,,,,false,
target_10_stop_5,BHARATWIRE,Smallcap,Smallcap,Metals & Mining,2026-04-20,,,,,,,NO_PRICE_DATA,false,,,,,,,,,,false,
target_5_stop_5,BHARATWIRE,Smallcap,Smallcap,Metals & Mining,2026-04-20,,,,,,,NO_PRICE_DATA,false,,,,,,,,,,false,
target_10_stop_5,CUPID,Largecap,Largecap,FMCG,2026-04-20,2026-04-21,2026-04-30,106.49,117.14,117.14,101.17,TARGET_HIT,true,7,9,10.0,12.68,-2.29,4.73,18.78,12.16,,false,2026-06-23
target_5_stop_5,CUPID,Largecap,Largecap,FMCG,2026-04-20,2026-04-21,2026-04-22,106.49,111.81,111.81,101.17,TARGET_HIT,true,1,1,5.0,6.11,-2.29,4.73,18.78,12.16,,false,2026-06-23
target_10_stop_5,GRAPHITE,Midcap,Midcap,Industrials,2026-04-20,2026-04-21,2026-05-15,715.45,787.0,787.0,679.68,TARGET_HIT,true,17,24,10.0,12.15,-3.26,2.96,0.24,3.51,,false,2026-06-12
target_5_stop_5,GRAPHITE,Midcap,Midcap,Industrials,2026-04-20,2026-04-21,2026-04-23,715.45,751.22,751.22,679.68,TARGET_HIT,true,2,2,5.0,5.67,-0.59,2.96,0.24,3.51,,false,2026-06-12
target_10_stop_5,HAPPYFORGE,Midcap,Midcap,Industrials,2026-04-20,,,,,,,NO_PRICE_DATA,false,,,,,,,,,,false,
target_5_stop_5,HAPPYFORGE,Midcap,Midcap,Industrials,2026-04-20,,,,,,,NO_PRICE_DATA,false,,,,,,,,,,false,
target_10_stop_5,KOVAI,Midcap,Midcap,Healthcare,2026-04-20,,,,,,,NO_PRICE_DATA,false,,,,,,,,,,false,
target_5_stop_5,KOVAI,Midcap,Midcap,Healthcare,2026-04-20,,,,,,,NO_PRICE_DATA,false,,,,,,,,,,false,
target_10_stop_5,NDLVENTURE,Smallcap,Smallcap,Financials,2026-04-20,,,,,,,NO_PRICE_DATA,false,,,,,,,,,,false,
target_5_stop_5,NDLVENTURE,Smallcap,Smallcap,Financials,2026-04-20,,,,,,,NO_PRICE_DATA,false,,,,,,,,,,false,
target_10_stop_5,NOVARTIND,Smallcap,Smallcap,Healthcare,2026-04-20,2026-04-21,2026-05-08,999.8,1099.78,1099.78,949.81,TARGET_HIT,true,12,17,10.0,12.52,-4.98,5.11,5.09,32.33,,false,2026-06-22
target_5_stop_5,NOVARTIND,Smallcap,Smallcap,Healthcare,2026-04-20,2026-04-21,2026-04-28,999.8,1049.79,1049.79,949.81,TARGET_HIT,true,5,7,5.0,6.01,-4.98,5.11,5.09,32.33,,false,2026-06-22
target_10_stop_5,POWERGRID,Largecap,Largecap,Power & Utilities,2026-04-20,2026-04-21,2026-05-13,318.95,303.0,350.85,303.0,STOP_LOSS,false,15,22,-5.0,1.88,-7.31,0.02,-0.94,-5.97,,false,2026-06-23
target_5_stop_5,POWERGRID,Largecap,Largecap,Power & Utilities,2026-04-20,2026-04-21,2026-05-13,318.95,303.0,334.9,303.0,STOP_LOSS,false,15,22,-5.0,1.88,-7.31,0.02,-0.94,-5.97,,false,2026-06-23
target_10_stop_5,JSWENERGY,Largecap,Largecap,Power & Utilities,2026-04-21,2026-04-22,2026-05-12,542.6,515.47,596.86,515.47,STOP_LOSS,false,13,20,-5.0,7.93,-5.64,3.28,6.14,1.08,,false,2026-06-23
target_5_stop_5,JSWENERGY,Largecap,Largecap,Power & Utilities,2026-04-21,2026-04-22,2026-04-27,542.6,569.73,569.73,515.47,TARGET_HIT,true,3,5,5.0,6.06,-0.78,3.28,6.14,1.08,,false,2026-06-23
target_10_stop_5,MUTHOOTMF,Smallcap,Smallcap,Financials,2026-04-21,2026-04-22,2026-04-24,194.19,184.48,213.61,184.48,STOP_LOSS,false,2,2,-5.0,2.43,-6.02,-0.82,7.37,,,false,2026-05-14
target_5_stop_5,MUTHOOTMF,Smallcap,Smallcap,Financials,2026-04-21,2026-04-22,2026-04-24,194.19,184.48,203.9,184.48,STOP_LOSS,false,2,2,-5.0,2.43,-6.02,-0.82,7.37,,,false,2026-05-14
target_10_stop_5,NESTLEIND,Largecap,Largecap,FMCG,2026-04-21,2026-04-22,2026-06-23,1391.0,1393.9,1530.1,1321.45,EXIT_AT_END,false,42,62,0.21,7.7,-1.65,5.36,6.11,1.11,,false,2026-06-23
target_5_stop_5,NESTLEIND,Largecap,Largecap,FMCG,2026-04-21,2026-04-22,2026-04-29,1391.0,1460.55,1460.55,1321.45,TARGET_HIT,true,5,7,5.0,5.68,-0.64,5.36,6.11,1.11,,false,2026-06-23
target_10_stop_5,AHLEAST,Smallcap,Smallcap,Services,2026-04-22,,,,,,,NO_PRICE_DATA,false,,,,,,,,,,false,
target_5_stop_5,AHLEAST,Smallcap,Smallcap,Services,2026-04-22,,,,,,,NO_PRICE_DATA,false,,,,,,,,,,false,
target_10_stop_5,ANGELONE,Largecap,Largecap,Financials,2026-04-22,2026-04-23,2026-04-24,328.0,311.6,360.8,311.6,STOP_LOSS,false,1,1,-5.0,0.0,-5.64,-5.88,-0.61,3.46,,false,2026-06-12
target_5_stop_5,ANGELONE,Largecap,Largecap,Financials,2026-04-22,2026-04-23,2026-04-24,328.0,311.6,344.4,311.6,STOP_LOSS,false,1,1,-5.0,0.0,-5.64,-5.88,-0.61,3.46,,false,2026-06-12
target_10_stop_5,JSWENERGY,Largecap,Largecap,Power & Utilities,2026-04-22,2026-04-23,2026-05-12,562.55,534.42,618.8,534.42,STOP_LOSS,false,12,19,-5.0,4.11,-8.99,-0.25,1.54,-2.01,,false,2026-06-23
target_5_stop_5,JSWENERGY,Largecap,Largecap,Power & Utilities,2026-04-22,2026-04-23,2026-05-12,562.55,534.42,590.68,534.42,STOP_LOSS,false,12,19,-5.0,4.11,-8.99,-0.25,1.54,-2.01,,false,2026-06-23
target_10_stop_5,MMFL,Smallcap,Smallcap,Industrials,2026-04-22,2026-04-23,2026-05-11,501.9,476.8,552.09,476.8,STOP_LOSS,false,11,18,-5.0,3.61,-6.08,-1.49,-1.63,-9.46,,false,2026-06-22
target_5_stop_5,MMFL,Smallcap,Smallcap,Industrials,2026-04-22,2026-04-23,2026-05-11,501.9,476.8,527.0,476.8,STOP_LOSS,false,11,18,-5.0,3.61,-6.08,-1.49,-1.63,-9.46,,false,2026-06-22
target_10_stop_5,NINSYS,Smallcap,Smallcap,I.T,2026-04-22,,,,,,,NO_PRICE_DATA,false,,,,,,,,,,false,
target_5_stop_5,NINSYS,Smallcap,Smallcap,I.T,2026-04-22,,,,,,,NO_PRICE_DATA,false,,,,,,,,,,false,
target_10_stop_5,ROLEXRINGS,Smallcap,Smallcap,Auto,2026-04-22,,,,,,,NO_PRICE_DATA,false,,,,,,,,,,false,
target_5_stop_5,ROLEXRINGS,Smallcap,Smallcap,Auto,2026-04-22,,,,,,,NO_PRICE_DATA,false,,,,,,,,,,false,
target_10_stop_5,LUPIN,Largecap,Largecap,Healthcare,2026-04-23,2026-04-24,2026-05-13,2347.3,2229.94,2582.03,2229.94,STOP_LOSS,false,12,19,-5.0,6.25,-5.82,0.06,-3.89,-2.56,,false,2026-06-23
target_5_stop_5,LUPIN,Largecap,Largecap,Healthcare,2026-04-23,2026-04-24,2026-05-07,2347.3,2464.67,2464.67,2229.94,TARGET_HIT,true,8,13,5.0,6.25,-3.71,0.06,-3.89,-2.56,,false,2026-06-23
target_10_stop_5,SBCL,Smallcap,Smallcap,Metals & Mining,2026-04-24,,,,,,,NO_PRICE_DATA,false,,,,,,,,,,false,
target_5_stop_5,SBCL,Smallcap,Smallcap,Metals & Mining,2026-04-24,,,,,,,NO_PRICE_DATA,false,,,,,,,,,,false,
target_10_stop_5,CESC,Largecap,Largecap,Power & Utilities,2026-04-27,2026-04-28,2026-05-13,188.75,179.31,207.63,179.31,STOP_LOSS,false,10,15,-5.0,8.34,-5.27,-1.98,-4.79,-1.53,,false,2026-06-12
target_5_stop_5,CESC,Largecap,Largecap,Power & Utilities,2026-04-27,2026-04-28,2026-05-04,188.75,198.19,198.19,179.31,TARGET_HIT,true,3,6,5.0,8.34,-3.28,-1.98,-4.79,-1.53,,false,2026-06-12
target_10_stop_5,ENGINERSIN,Midcap,Midcap,Realty,2026-04-27,2026-04-28,2026-05-12,258.1,245.2,283.91,245.2,STOP_LOSS,false,9,14,-5.0,3.45,-8.72,1.65,-6.78,-9.18,,false,2026-06-23
target_5_stop_5,ENGINERSIN,Midcap,Midcap,Realty,2026-04-27,2026-04-28,2026-05-12,258.1,245.2,271.01,245.2,STOP_LOSS,false,9,14,-5.0,3.45,-8.72,1.65,-6.78,-9.18,,false,2026-06-23
target_10_stop_5,NTPCGREEN,Largecap,Largecap,Power & Utilities,2026-04-27,2026-04-28,2026-04-29,118.0,112.1,129.8,112.1,STOP_LOSS,false,1,1,-5.0,1.57,-6.61,-8.31,-5.72,-11.58,,false,2026-06-23
target_5_stop_5,NTPCGREEN,Largecap,Largecap,Power & Utilities,2026-04-27,2026-04-28,2026-04-29,118.0,112.1,123.9,112.1,STOP_LOSS,false,1,1,-5.0,1.57,-6.61,-8.31,-5.72,-11.58,,false,2026-06-23
target_10_stop_5,POWERGRID,Largecap,Largecap,Power & Utilities,2026-04-27,2026-04-28,2026-05-12,322.8,306.66,355.08,306.66,STOP_LOSS,false,9,14,-5.0,0.34,-5.36,-2.12,-6.6,-7.02,,false,2026-06-23
target_5_stop_5,POWERGRID,Largecap,Largecap,Power & Utilities,2026-04-27,2026-04-28,2026-05-12,322.8,306.66,338.94,306.66,STOP_LOSS,false,9,14,-5.0,0.34,-5.36,-2.12,-6.6,-7.02,,false,2026-06-23
target_10_stop_5,SBCL,Smallcap,Smallcap,Metals & Mining,2026-04-27,,,,,,,NO_PRICE_DATA,false,,,,,,,,,,false,
target_5_stop_5,SBCL,Smallcap,Smallcap,Metals & Mining,2026-04-27,,,,,,,NO_PRICE_DATA,false,,,,,,,,,,false,
target_10_stop_5,COALINDIA,Largecap,Largecap,Metals & Mining,2026-04-29,2026-04-30,2026-05-07,484.45,460.23,532.9,460.23,STOP_LOSS,false,4,7,-5.0,1.4,-5.85,-5.79,-4.59,-2.45,,false,2026-06-25
target_5_stop_5,COALINDIA,Largecap,Largecap,Metals & Mining,2026-04-29,2026-04-30,2026-05-07,484.45,460.23,508.67,460.23,STOP_LOSS,false,4,7,-5.0,1.4,-5.85,-5.79,-4.59,-2.45,,false,2026-06-25
target_10_stop_5,GESHIP,Largecap,Largecap,Transportation,2026-04-29,2026-04-30,2026-05-14,1551.0,1473.45,1706.1,1473.45,STOP_LOSS,false,9,14,-5.0,4.38,-5.73,2.4,-1.1,-5.37,,false,2026-06-12
target_5_stop_5,GESHIP,Largecap,Largecap,Transportation,2026-04-29,2026-04-30,2026-05-14,1551.0,1473.45,1628.55,1473.45,STOP_LOSS,false,9,14,-5.0,4.38,-5.73,2.4,-1.1,-5.37,,false,2026-06-12
target_10_stop_5,MUTHOOTMF,Smallcap,Smallcap,Financials,2026-04-30,2026-05-04,2026-05-06,193.99,213.39,213.39,184.29,TARGET_HIT,true,2,2,10.0,11.86,-1.64,-2.78,,,,false,2026-05-14
target_5_stop_5,MUTHOOTMF,Smallcap,Smallcap,Financials,2026-04-30,2026-05-04,2026-05-04,193.99,203.69,203.69,184.29,TARGET_HIT,true,0,0,5.0,5.98,-1.64,-2.78,,,,false,2026-05-14
target_10_stop_5,SAILIFE,Largecap,Largecap,Healthcare,2026-04-30,2026-05-04,2026-05-15,1081.2,1027.14,1189.32,1027.14,STOP_LOSS,false,9,11,-5.0,5.38,-12.2,4.16,2.94,4.36,,false,2026-06-12
target_5_stop_5,SAILIFE,Largecap,Largecap,Healthcare,2026-04-30,2026-05-04,2026-05-11,1081.2,1135.26,1135.26,1027.14,TARGET_HIT,true,5,7,5.0,5.38,-2.12,4.16,2.94,4.36,,false,2026-06-12
target_10_stop_5,AETHER,Midcap,Midcap,Chemicals,2026-05-04,2026-05-05,2026-05-05,1256.0,1193.2,1381.6,1193.2,STOP_LOSS,false,0,0,-5.0,1.4,-5.64,-7.99,-12.75,-9.28,,false,2026-06-24
target_5_stop_5,AETHER,Midcap,Midcap,Chemicals,2026-05-04,2026-05-05,2026-05-05,1256.0,1193.2,1318.8,1193.2,STOP_LOSS,false,0,0,-5.0,1.4,-5.64,-7.99,-12.75,-9.28,,false,2026-06-24
target_10_stop_5,ASTERDM,Largecap,Largecap,Healthcare,2026-05-04,2026-05-05,2026-06-02,750.0,712.5,825.0,712.5,STOP_LOSS,false,19,28,-5.0,3.54,-5.16,-2.62,-0.15,-2.6,,false,2026-06-12
target_5_stop_5,ASTERDM,Largecap,Largecap,Healthcare,2026-05-04,2026-05-05,2026-06-02,750.0,712.5,787.5,712.5,STOP_LOSS,false,19,28,-5.0,3.54,-5.16,-2.62,-0.15,-2.6,,false,2026-06-12
target_10_stop_5,BAJAJ-AUTO,Largecap,Largecap,Auto,2026-05-04,2026-05-05,2026-06-23,10131.0,9999.0,11144.1,9624.45,EXIT_AT_END,false,34,49,-1.3,6.94,-2.26,2.63,0.73,1.26,,false,2026-06-23
target_5_stop_5,BAJAJ-AUTO,Largecap,Largecap,Auto,2026-05-04,2026-05-05,2026-05-07,10131.0,10637.55,10637.55,9624.45,TARGET_HIT,true,2,2,5.0,6.01,-1.14,2.63,0.73,1.26,,false,2026-06-23
target_10_stop_5,KMEW,Midcap,Midcap,Transportation,2026-05-04,2026-05-05,2026-05-07,2052.6,2257.86,2257.86,1949.97,TARGET_HIT,true,2,2,10.0,11.34,-0.8,-2.47,-2.07,-12.28,,false,2026-06-23
target_5_stop_5,KMEW,Midcap,Midcap,Transportation,2026-05-04,2026-05-05,2026-05-05,2052.6,2155.23,2155.23,1949.97,TARGET_HIT,true,0,0,5.0,9.83,-0.8,-2.47,-2.07,-12.28,,false,2026-06-23
target_10_stop_5,MASFIN,Midcap,Midcap,Financials,2026-05-04,2026-05-05,2026-05-12,347.25,329.89,381.98,329.89,STOP_LOSS,false,5,7,-5.0,1.37,-5.44,-4.54,-9.98,-11.65,,false,2026-06-22
target_5_stop_5,MASFIN,Midcap,Midcap,Financials,2026-05-04,2026-05-05,2026-05-12,347.25,329.89,364.61,329.89,STOP_LOSS,false,5,7,-5.0,1.37,-5.44,-4.54,-9.98,-11.65,,false,2026-06-22
target_10_stop_5,MUTHOOTMF,Smallcap,Smallcap,Financials,2026-05-04,2026-05-05,2026-05-11,205.5,195.23,226.05,195.23,STOP_LOSS,false,4,6,-5.0,6.08,-9.88,-7.44,,,,false,2026-05-14
target_5_stop_5,MUTHOOTMF,Smallcap,Smallcap,Financials,2026-05-04,2026-05-05,2026-05-06,205.5,215.78,215.78,195.23,TARGET_HIT,true,1,1,5.0,5.6,-2.68,-7.44,,,,false,2026-05-14
target_10_stop_5,PRIVISCL,Midcap,Midcap,Chemicals,2026-05-04,2026-05-05,2026-05-12,3362.7,3194.56,3698.97,3194.56,STOP_LOSS,false,5,7,-5.0,6.79,-5.58,-4.88,-8.23,-3.16,,false,2026-06-23
target_5_stop_5,PRIVISCL,Midcap,Midcap,Chemicals,2026-05-04,2026-05-05,2026-05-11,3362.7,3530.84,3530.84,3194.56,TARGET_HIT,true,4,6,5.0,6.79,-0.79,-4.88,-8.23,-3.16,,false,2026-06-23
target_10_stop_5,ADVENZYMES,Smallcap,Smallcap,Healthcare,2026-05-05,2026-05-06,2026-05-11,356.95,392.65,392.65,339.1,TARGET_HIT,true,3,5,10.0,17.38,-1.5,3.08,8.95,5.48,,false,2026-06-25
target_5_stop_5,ADVENZYMES,Smallcap,Smallcap,Healthcare,2026-05-05,2026-05-06,2026-05-11,356.95,374.8,374.8,339.1,TARGET_HIT,true,3,5,5.0,17.38,-1.5,3.08,8.95,5.48,,false,2026-06-25
target_10_stop_5,CREDITACC,Largecap,Largecap,Financials,2026-05-05,2026-05-06,2026-05-12,1489.7,1415.22,1638.67,1415.22,STOP_LOSS,false,4,6,-5.0,4.18,-7.03,-10.42,-13.14,-14.49,,false,2026-06-24
target_5_stop_5,CREDITACC,Largecap,Largecap,Financials,2026-05-05,2026-05-06,2026-05-12,1489.7,1415.22,1564.19,1415.22,STOP_LOSS,false,4,6,-5.0,4.18,-7.03,-10.42,-13.14,-14.49,,false,2026-06-24
target_10_stop_5,ABCAPITAL,Largecap,Largecap,Financials,2026-05-06,2026-05-07,2026-05-11,370.85,352.31,407.94,352.31,STOP_LOSS,false,2,4,-5.0,1.38,-5.26,-5.72,-5.78,-3.6,,false,2026-06-23
target_5_stop_5,ABCAPITAL,Largecap,Largecap,Financials,2026-05-06,2026-05-07,2026-05-11,370.85,352.31,389.39,352.31,STOP_LOSS,false,2,4,-5.0,1.38,-5.26,-5.72,-5.78,-3.6,,false,2026-06-23
target_10_stop_5,GLOBAL,Smallcap,Smallcap,Services,2026-05-06,,,,,,,NO_PRICE_DATA,false,,,,,,,,,,false,
target_5_stop_5,GLOBAL,Smallcap,Smallcap,Services,2026-05-06,,,,,,,NO_PRICE_DATA,false,,,,,,,,,,false,
target_10_stop_5,GRWRHITECH,Midcap,Midcap,Industrials,2026-05-06,2026-05-07,2026-05-19,5087.0,5595.7,5595.7,4832.65,TARGET_HIT,true,8,12,10.0,11.42,-4.26,7.03,8.6,15.84,,false,2026-06-23
target_5_stop_5,GRWRHITECH,Midcap,Midcap,Industrials,2026-05-06,2026-05-07,2026-05-07,5087.0,5341.35,5341.35,4832.65,TARGET_HIT,true,0,0,5.0,9.3,-2.5,7.03,8.6,15.84,,false,2026-06-23
target_10_stop_5,LUPIN,Largecap,Largecap,Healthcare,2026-05-06,2026-05-07,2026-05-11,2454.9,2332.16,2700.39,2332.16,STOP_LOSS,false,2,4,-5.0,1.59,-8.91,-8.01,-6.94,-7.63,,false,2026-06-23
target_5_stop_5,LUPIN,Largecap,Largecap,Healthcare,2026-05-06,2026-05-07,2026-05-11,2454.9,2332.16,2577.65,2332.16,STOP_LOSS,false,2,4,-5.0,1.59,-8.91,-8.01,-6.94,-7.63,,false,2026-06-23
target_10_stop_5,SJS,Midcap,Midcap,Auto,2026-05-06,,,,,,,NO_PRICE_DATA,false,,,,,,,,,,false,
target_5_stop_5,SJS,Midcap,Midcap,Auto,2026-05-06,,,,,,,NO_PRICE_DATA,false,,,,,,,,,,false,
target_10_stop_5,SUNPHARMA,Largecap,Largecap,Healthcare,2026-05-06,2026-05-07,2026-06-03,1850.2,1757.69,2035.22,1757.69,STOP_LOSS,false,18,27,-5.0,3.59,-5.05,0.7,2.22,-3.68,,false,2026-06-25
target_5_stop_5,SUNPHARMA,Largecap,Largecap,Healthcare,2026-05-06,2026-05-07,2026-06-03,1850.2,1757.69,1942.71,1757.69,STOP_LOSS,false,18,27,-5.0,3.59,-5.05,0.7,2.22,-3.68,,false,2026-06-25
target_10_stop_5,TFCILTD,Smallcap,Smallcap,Financials,2026-05-06,,,,,,,NO_PRICE_DATA,false,,,,,,,,,,false,
target_5_stop_5,TFCILTD,Smallcap,Smallcap,Financials,2026-05-06,,,,,,,NO_PRICE_DATA,false,,,,,,,,,,false,
target_10_stop_5,AEROENTER,Smallcap,Smallcap,Metals & Mining,2026-05-07,,,,,,,NO_PRICE_DATA,false,,,,,,,,,,false,
target_5_stop_5,AEROENTER,Smallcap,Smallcap,Metals & Mining,2026-05-07,,,,,,,NO_PRICE_DATA,false,,,,,,,,,,false,
target_10_stop_5,ANURAS,Midcap,Midcap,Chemicals,2026-05-07,2026-05-08,2026-05-29,1370.0,1301.5,1507.0,1301.5,STOP_LOSS,false,14,21,-5.0,1.9,-7.66,0.44,-0.28,-4.96,,false,2026-06-12
target_5_stop_5,ANURAS,Midcap,Midcap,Chemicals,2026-05-07,2026-05-08,2026-05-29,1370.0,1301.5,1438.5,1301.5,STOP_LOSS,false,14,21,-5.0,1.9,-7.66,0.44,-0.28,-4.96,,false,2026-06-12
target_10_stop_5,ARMANFIN,Smallcap,Smallcap,Financials,2026-05-07,2026-05-08,2026-05-20,1759.9,1671.91,1935.89,1671.91,STOP_LOSS,false,8,12,-5.0,8.34,-7.95,1.55,-3.07,-11.65,,false,2026-06-22
target_5_stop_5,ARMANFIN,Smallcap,Smallcap,Financials,2026-05-07,2026-05-08,2026-05-11,1759.9,1847.9,1847.9,1671.91,TARGET_HIT,true,1,3,5.0,7.9,-2.32,1.55,-3.07,-11.65,,false,2026-06-22
target_10_stop_5,LINDEINDIA,Largecap,Largecap,Chemicals,2026-05-07,2026-05-08,2026-05-12,7859.5,7466.53,8645.45,7466.53,STOP_LOSS,false,2,4,-5.0,1.85,-5.84,-6.46,-8.11,-12.6,,false,2026-06-23
target_5_stop_5,LINDEINDIA,Largecap,Largecap,Chemicals,2026-05-07,2026-05-08,2026-05-12,7859.5,7466.53,8252.48,7466.53,STOP_LOSS,false,2,4,-5.0,1.85,-5.84,-6.46,-8.11,-12.6,,false,2026-06-23
target_10_stop_5,NORTHARC,Smallcap,Smallcap,Financials,2026-05-07,,,,,,,NO_PRICE_DATA,false,,,,,,,,,,false,
target_5_stop_5,NORTHARC,Smallcap,Smallcap,Financials,2026-05-07,,,,,,,NO_PRICE_DATA,false,,,,,,,,,,false,
target_10_stop_5,YATHARTH,Midcap,Midcap,Healthcare,2026-05-07,2026-05-08,2026-06-02,825.0,783.75,907.5,783.75,STOP_LOSS,false,16,25,-5.0,7.87,-5.9,-1.14,4.5,-0.97,,false,2026-06-23
target_5_stop_5,YATHARTH,Midcap,Midcap,Healthcare,2026-05-07,2026-05-08,2026-05-08,825.0,866.25,866.25,783.75,TARGET_HIT,true,0,0,5.0,5.08,0.0,-1.14,4.5,-0.97,,false,2026-06-23
target_10_stop_5,ADVENZYMES,Smallcap,Smallcap,Healthcare,2026-05-08,2026-05-11,2026-05-11,378.0,415.8,415.8,359.1,TARGET_HIT,true,0,0,10.0,10.85,-0.83,-3.77,-0.3,-1.55,,false,2026-06-25
target_5_stop_5,ADVENZYMES,Smallcap,Smallcap,Healthcare,2026-05-08,2026-05-11,2026-05-11,378.0,396.9,396.9,359.1,TARGET_HIT,true,0,0,5.0,10.85,-0.83,-3.77,-0.3,-1.55,,false,2026-06-25
target_10_stop_5,MAYURUNIQ,Smallcap,Smallcap,Consumer Discretionary,2026-05-08,,,,,,,NO_PRICE_DATA,false,,,,,,,,,,false,
target_5_stop_5,MAYURUNIQ,Smallcap,Smallcap,Consumer Discretionary,2026-05-08,,,,,,,NO_PRICE_DATA,false,,,,,,,,,,false,
target_10_stop_5,METROPOLIS,Midcap,Midcap,Healthcare,2026-05-08,2026-05-11,2026-05-12,549.0,521.55,603.9,521.55,STOP_LOSS,false,1,1,-5.0,3.62,-6.19,-7.58,-4.46,-2.45,,false,2026-06-23
target_5_stop_5,METROPOLIS,Midcap,Midcap,Healthcare,2026-05-08,2026-05-11,2026-05-12,549.0,521.55,576.45,521.55,STOP_LOSS,false,1,1,-5.0,3.62,-6.19,-7.58,-4.46,-2.45,,false,2026-06-23
target_10_stop_5,SOFTTECH,Smallcap,Smallcap,I.T,2026-05-08,,,,,,,NO_PRICE_DATA,false,,,,,,,,,,false,
target_5_stop_5,SOFTTECH,Smallcap,Smallcap,I.T,2026-05-08,,,,,,,NO_PRICE_DATA,false,,,,,,,,,,false,
target_10_stop_5,YATHARTH,Midcap,Midcap,Healthcare,2026-05-08,2026-05-11,2026-05-12,867.35,823.98,954.09,823.98,STOP_LOSS,false,1,1,-5.0,2.36,-7.29,-6.79,-5.4,-3.26,,false,2026-06-23
target_5_stop_5,YATHARTH,Midcap,Midcap,Healthcare,2026-05-08,2026-05-11,2026-05-12,867.35,823.98,910.72,823.98,STOP_LOSS,false,1,1,-5.0,2.36,-7.29,-6.79,-5.4,-3.26,,false,2026-06-23
target_10_stop_5,ADVENZYMES,Smallcap,Smallcap,Healthcare,2026-05-11,2026-05-12,2026-05-12,390.85,371.31,429.94,371.31,STOP_LOSS,false,0,0,-5.0,0.0,-6.09,-1.16,-3.59,-5.0,,false,2026-06-25
target_5_stop_5,ADVENZYMES,Smallcap,Smallcap,Healthcare,2026-05-11,2026-05-12,2026-05-12,390.85,371.31,410.39,371.31,STOP_LOSS,false,0,0,-5.0,0.0,-6.09,-1.16,-3.59,-5.0,,false,2026-06-25
target_10_stop_5,ARMANFIN,Smallcap,Smallcap,Financials,2026-05-11,2026-05-12,2026-05-12,1870.0,1776.5,2057.0,1776.5,STOP_LOSS,false,0,0,-5.0,1.96,-6.07,-10.05,-6.37,-14.25,,false,2026-06-22
target_5_stop_5,ARMANFIN,Smallcap,Smallcap,Financials,2026-05-11,2026-05-12,2026-05-12,1870.0,1776.5,1963.5,1776.5,STOP_LOSS,false,0,0,-5.0,1.96,-6.07,-10.05,-6.37,-14.25,,false,2026-06-22
target_10_stop_5,NORTHARC,Smallcap,Smallcap,Financials,2026-05-11,,,,,,,NO_PRICE_DATA,false,,,,,,,,,,false,
target_5_stop_5,NORTHARC,Smallcap,Smallcap,Financials,2026-05-11,,,,,,,NO_PRICE_DATA,false,,,,,,,,,,false,
target_10_stop_5,TORNTPHARM,Largecap,Largecap,Healthcare,2026-05-11,2026-05-12,2026-05-13,4509.5,4284.02,4960.45,4284.02,STOP_LOSS,false,1,1,-5.0,0.0,-5.44,-1.1,-1.27,-1.02,,false,2026-06-23
target_5_stop_5,TORNTPHARM,Largecap,Largecap,Healthcare,2026-05-11,2026-05-12,2026-05-13,4509.5,4284.02,4734.98,4284.02,STOP_LOSS,false,1,1,-5.0,0.0,-5.44,-1.1,-1.27,-1.02,,false,2026-06-23
target_10_stop_5,OIL,Largecap,Largecap,Energy,2026-05-14,2026-05-15,2026-05-25,524.0,497.8,576.4,497.8,STOP_LOSS,false,6,10,-5.0,0.19,-8.21,-4.63,-7.87,-20.38,,false,2026-06-23
target_5_stop_5,OIL,Largecap,Largecap,Energy,2026-05-14,2026-05-15,2026-05-25,524.0,497.8,550.2,497.8,STOP_LOSS,false,6,10,-5.0,0.19,-8.21,-4.63,-7.87,-20.38,,false,2026-06-23
target_10_stop_5,SHAILY,Midcap,Midcap,Plastic products,2026-05-14,2026-05-15,2026-05-15,2828.8,2687.36,3111.68,2687.36,STOP_LOSS,false,0,0,-5.0,0.04,-5.99,-4.72,11.17,4.22,,false,2026-06-23
target_5_stop_5,SHAILY,Midcap,Midcap,Plastic products,2026-05-14,2026-05-15,2026-05-15,2828.8,2687.36,2970.24,2687.36,STOP_LOSS,false,0,0,-5.0,0.04,-5.99,-4.72,11.17,4.22,,false,2026-06-23
target_10_stop_5,BIOCON,Largecap,Largecap,Healthcare,2026-05-15,2026-05-18,2026-06-04,428.45,407.03,471.3,407.03,STOP_LOSS,false,12,17,-5.0,2.79,-5.23,0.37,-2.72,-2.8,,false,2026-06-24
target_5_stop_5,BIOCON,Largecap,Largecap,Healthcare,2026-05-15,2026-05-18,2026-06-04,428.45,407.03,449.87,407.03,STOP_LOSS,false,12,17,-5.0,2.79,-5.23,0.37,-2.72,-2.8,,false,2026-06-24
target_10_stop_5,IPCALAB,Largecap,Largecap,Healthcare,2026-05-15,2026-05-18,2026-05-29,1585.0,1505.75,1743.5,1505.75,STOP_LOSS,false,8,11,-5.0,5.89,-6.44,-0.88,-4.88,-2.2,,false,2026-06-23
target_5_stop_5,IPCALAB,Largecap,Largecap,Healthcare,2026-05-15,2026-05-18,2026-05-20,1585.0,1664.25,1664.25,1505.75,TARGET_HIT,true,2,2,5.0,5.89,0.0,-0.88,-4.88,-2.2,,false,2026-06-23
target_10_stop_5,GLAND,Largecap,Largecap,Healthcare,2026-05-18,2026-05-19,2026-05-21,2148.0,2362.8,2362.8,2040.6,TARGET_HIT,true,2,2,10.0,10.34,-0.44,7.44,3.92,,,false,2026-06-12
target_5_stop_5,GLAND,Largecap,Largecap,Healthcare,2026-05-18,2026-05-19,2026-05-19,2148.0,2255.4,2255.4,2040.6,TARGET_HIT,true,0,0,5.0,5.86,-0.44,7.44,3.92,,,false,2026-06-12
target_10_stop_5,SOLARINDS,Largecap,Largecap,Aerospace & Defence,2026-05-18,2026-05-19,2026-06-11,18100.0,17195.0,19910.0,17195.0,STOP_LOSS,false,16,23,-5.0,4.28,-5.73,2.09,2.64,-3.55,,false,2026-06-23
target_5_stop_5,SOLARINDS,Largecap,Largecap,Aerospace & Defence,2026-05-18,2026-05-19,2026-06-11,18100.0,17195.0,19005.0,17195.0,STOP_LOSS,false,16,23,-5.0,4.28,-5.73,2.09,2.64,-3.55,,false,2026-06-23
target_10_stop_5,APOLLO,Midcap,Midcap,Aerospace & Defence,2026-05-19,2026-05-20,2026-05-21,340.75,374.83,374.83,323.71,TARGET_HIT,true,1,1,10.0,10.84,0.0,22.63,23.02,25.19,,false,2026-06-23
target_5_stop_5,APOLLO,Midcap,Midcap,Aerospace & Defence,2026-05-19,2026-05-20,2026-05-20,340.75,357.79,357.79,323.71,TARGET_HIT,true,0,0,5.0,8.41,0.0,22.63,23.02,25.19,,false,2026-06-23
target_10_stop_5,OFSS,Largecap,Largecap,I.T,2026-05-19,2026-05-20,2026-06-11,9640.0,9158.0,10604.0,9158.0,STOP_LOSS,false,15,22,-5.0,9.8,-6.12,6.84,4.75,-2.49,,false,2026-06-24
target_5_stop_5,OFSS,Largecap,Largecap,I.T,2026-05-19,2026-05-20,2026-05-27,9640.0,10122.0,10122.0,9158.0,TARGET_HIT,true,5,7,5.0,7.68,-1.92,6.84,4.75,-2.49,,false,2026-06-24
target_10_stop_5,APOLLO,Midcap,Midcap,Aerospace & Defence,2026-05-20,2026-05-21,2026-05-25,362.5,398.75,398.75,344.38,TARGET_HIT,true,2,4,10.0,15.81,-4.11,12.83,16.23,19.49,,false,2026-06-23
target_5_stop_5,APOLLO,Midcap,Midcap,Aerospace & Defence,2026-05-20,2026-05-21,2026-05-25,362.5,380.63,380.63,344.38,TARGET_HIT,true,2,4,5.0,15.81,-4.11,12.83,16.23,19.49,,false,2026-06-23
target_10_stop_5,MANAPPURAM,Largecap,Largecap,Financials,2026-05-20,2026-05-21,2026-06-03,322.8,306.66,355.08,306.66,STOP_LOSS,false,8,13,-5.0,3.47,-7.03,0.81,-4.52,-1.29,,false,2026-06-25
target_5_stop_5,MANAPPURAM,Largecap,Largecap,Financials,2026-05-20,2026-05-21,2026-06-03,322.8,306.66,338.94,306.66,STOP_LOSS,false,8,13,-5.0,3.47,-7.03,0.81,-4.52,-1.29,,false,2026-06-25
target_10_stop_5,ZYDUSLIFE,Largecap,Largecap,Healthcare,2026-05-20,2026-05-21,2026-06-23,1054.0,1111.0,1159.4,1001.3,EXIT_AT_END,false,22,33,5.41,6.69,-2.27,2.25,3.32,1.59,,false,2026-06-23
target_5_stop_5,ZYDUSLIFE,Largecap,Largecap,Healthcare,2026-05-20,2026-05-21,2026-05-29,1054.0,1106.7,1106.7,1001.3,TARGET_HIT,true,5,8,5.0,5.83,-2.27,2.25,3.32,1.59,,false,2026-06-23
target_10_stop_5,INDOBORAX,Smallcap,Smallcap,Chemicals,2026-05-21,2026-06-15,2026-06-16,384.0,364.8,422.4,364.8,STOP_LOSS,false,1,1,-5.0,0.49,-6.77,-5.92,,,,false,2026-06-23
target_5_stop_5,INDOBORAX,Smallcap,Smallcap,Chemicals,2026-05-21,2026-06-15,2026-06-16,384.0,364.8,403.2,364.8,STOP_LOSS,false,1,1,-5.0,0.49,-6.77,-5.92,,,,false,2026-06-23
target_10_stop_5,MANAPPURAM,Largecap,Largecap,Financials,2026-05-21,2026-05-22,2026-06-02,323.5,307.33,355.85,307.33,STOP_LOSS,false,6,11,-5.0,3.25,-5.16,-2.3,-7.51,1.13,,false,2026-06-25
target_5_stop_5,MANAPPURAM,Largecap,Largecap,Financials,2026-05-21,2026-05-22,2026-06-02,323.5,307.33,339.68,307.33,STOP_LOSS,false,6,11,-5.0,3.25,-5.16,-2.3,-7.51,1.13,,false,2026-06-25
target_10_stop_5,TRITURBINE,Largecap,Largecap,Industrials,2026-05-21,2026-05-22,2026-05-29,711.95,783.15,783.15,676.35,TARGET_HIT,true,4,7,10.0,10.63,-3.79,-2.45,-6.79,3.56,,false,2026-06-22
target_5_stop_5,TRITURBINE,Largecap,Largecap,Industrials,2026-05-21,2026-05-22,2026-05-29,711.95,747.55,747.55,676.35,TARGET_HIT,true,4,7,5.0,10.63,-3.79,-2.45,-6.79,3.56,,false,2026-06-22
target_10_stop_5,SHILPAMED,Midcap,Midcap,Healthcare,2026-05-22,2026-05-25,2026-06-08,500.0,550.0,550.0,475.0,TARGET_HIT,true,9,14,10.0,11.79,-3.33,3.47,13.83,17.18,,false,2026-06-23
target_5_stop_5,SHILPAMED,Midcap,Midcap,Healthcare,2026-05-22,2026-05-25,2026-05-25,500.0,525.0,525.0,475.0,TARGET_HIT,true,0,0,5.0,5.96,-0.82,3.47,13.83,17.18,,false,2026-06-23
target_10_stop_5,SOUTHWEST,Smallcap,Smallcap,Metals & Mining,2026-05-22,,,,,,,NO_PRICE_DATA,false,,,,,,,,,,false,
target_5_stop_5,SOUTHWEST,Smallcap,Smallcap,Metals & Mining,2026-05-22,,,,,,,NO_PRICE_DATA,false,,,,,,,,,,false,
target_10_stop_5,BALAMINES,Midcap,Midcap,Chemicals,2026-05-25,2026-05-26,2026-05-27,1930.0,1833.5,2123.0,1833.5,STOP_LOSS,false,1,1,-5.0,0.88,-6.32,9.96,10.42,,,false,2026-06-23
target_5_stop_5,BALAMINES,Midcap,Midcap,Chemicals,2026-05-25,2026-05-26,2026-05-27,1930.0,1833.5,2026.5,1833.5,STOP_LOSS,false,1,1,-5.0,0.88,-6.32,9.96,10.42,,,false,2026-06-23
target_10_stop_5,RATEGAIN,Midcap,Midcap,I.T,2026-05-25,2026-05-26,2026-06-01,725.85,798.44,798.44,689.56,TARGET_HIT,true,3,6,10.0,10.49,-0.91,5.43,7.96,,,false,2026-06-23
target_5_stop_5,RATEGAIN,Midcap,Midcap,I.T,2026-05-25,2026-05-26,2026-05-29,725.85,762.14,762.14,689.56,TARGET_HIT,true,2,3,5.0,5.63,-0.91,5.43,7.96,,,false,2026-06-23
target_10_stop_5,RUBYMILLS,Smallcap,Smallcap,Textiles,2026-05-25,,,,,,,NO_PRICE_DATA,false,,,,,,,,,,false,
target_5_stop_5,RUBYMILLS,Smallcap,Smallcap,Textiles,2026-05-25,,,,,,,NO_PRICE_DATA,false,,,,,,,,,,false,
target_10_stop_5,SHILPAMED,Midcap,Midcap,Healthcare,2026-05-25,2026-05-26,2026-05-27,515.0,489.25,566.5,489.25,STOP_LOSS,false,1,1,-5.0,0.78,-6.15,0.08,8.5,,,false,2026-06-23
target_5_stop_5,SHILPAMED,Midcap,Midcap,Healthcare,2026-05-25,2026-05-26,2026-05-27,515.0,489.25,540.75,489.25,STOP_LOSS,false,1,1,-5.0,0.78,-6.15,0.08,8.5,,,false,2026-06-23
target_10_stop_5,DIVGIITTS,Smallcap,Smallcap,Auto,2026-05-26,2026-05-27,2026-06-15,775.0,852.5,852.5,736.25,TARGET_HIT,true,12,19,10.0,12.9,-4.71,1.46,3.45,,,false,2026-06-22
target_5_stop_5,DIVGIITTS,Smallcap,Smallcap,Auto,2026-05-26,2026-05-27,2026-05-29,775.0,813.75,813.75,736.25,TARGET_HIT,true,1,2,5.0,8.81,-4.71,1.46,3.45,,,false,2026-06-22
target_10_stop_5,TATACOMM,Largecap,Largecap,Telecom-Service,2026-05-26,2026-05-27,2026-05-29,2009.0,1908.55,2209.9,1908.55,STOP_LOSS,false,1,2,-5.0,1.94,-5.06,-1.15,-2.14,,,false,2026-06-23
target_5_stop_5,TATACOMM,Largecap,Largecap,Telecom-Service,2026-05-26,2026-05-27,2026-05-29,2009.0,1908.55,2109.45,1908.55,STOP_LOSS,false,1,2,-5.0,1.94,-5.06,-1.15,-2.14,,,false,2026-06-23
target_10_stop_5,AFIL,Smallcap,Smallcap,Financials,2026-05-29,,,,,,,NO_PRICE_DATA,false,,,,,,,,,,false,
target_5_stop_5,AFIL,Smallcap,Smallcap,Financials,2026-05-29,,,,,,,NO_PRICE_DATA,false,,,,,,,,,,false,
target_10_stop_5,MOTOGENFIN,Smallcap,Smallcap,Realty,2026-05-29,,,,,,,NO_PRICE_DATA,false,,,,,,,,,,false,
target_5_stop_5,MOTOGENFIN,Smallcap,Smallcap,Realty,2026-05-29,,,,,,,NO_PRICE_DATA,false,,,,,,,,,,false,
target_10_stop_5,ACMESOLAR,Largecap,Largecap,Realty,2026-06-01,2026-06-02,2026-06-02,306.0,336.6,336.6,290.7,TARGET_HIT,true,0,0,10.0,10.42,-3.3,13.95,,,,false,2026-06-12
target_5_stop_5,ACMESOLAR,Largecap,Largecap,Realty,2026-06-01,2026-06-02,2026-06-02,306.0,321.3,321.3,290.7,TARGET_HIT,true,0,0,5.0,10.42,-3.3,13.95,,,,false,2026-06-12
target_10_stop_5,MANCREDIT,Smallcap,Smallcap,Financials,2026-06-01,2026-06-15,2026-06-15,230.03,218.53,253.03,218.53,STOP_LOSS,false,0,0,-5.0,0.42,-5.23,-5.24,,,,false,2026-06-23
target_5_stop_5,MANCREDIT,Smallcap,Smallcap,Financials,2026-06-01,2026-06-15,2026-06-15,230.03,218.53,241.53,218.53,STOP_LOSS,false,0,0,-5.0,0.42,-5.23,-5.24,,,,false,2026-06-23
target_10_stop_5,ACMESOLAR,Largecap,Largecap,Realty,2026-06-02,2026-06-03,2026-06-12,335.0,335.75,368.5,318.25,EXIT_AT_END,false,7,9,0.22,8.9,-3.27,0.57,,,,false,2026-06-12
target_5_stop_5,ACMESOLAR,Largecap,Largecap,Realty,2026-06-02,2026-06-03,2026-06-05,335.0,351.75,351.75,318.25,TARGET_HIT,true,2,2,5.0,7.46,-3.27,0.57,,,,false,2026-06-12
target_10_stop_5,PTCIL,Largecap,Largecap,Industrials,2026-06-02,2026-06-03,2026-06-05,19379.0,18410.05,21316.9,18410.05,STOP_LOSS,false,2,2,-5.0,2.44,-5.12,-4.17,,,,false,2026-06-12
target_5_stop_5,PTCIL,Largecap,Largecap,Industrials,2026-06-02,2026-06-03,2026-06-05,19379.0,18410.05,20347.95,18410.05,STOP_LOSS,false,2,2,-5.0,2.44,-5.12,-4.17,,,,false,2026-06-12
target_10_stop_5,IFCI,Largecap,Largecap,Financials,2026-06-03,2026-06-04,2026-06-08,81.0,76.95,89.1,76.95,STOP_LOSS,false,2,4,-5.0,3.01,-9.57,-12.99,,,,false,2026-06-12
target_5_stop_5,IFCI,Largecap,Largecap,Financials,2026-06-03,2026-06-04,2026-06-08,81.0,76.95,85.05,76.95,STOP_LOSS,false,2,4,-5.0,3.01,-9.57,-12.99,,,,false,2026-06-12
target_10_stop_5,PARAS,Midcap,Midcap,Aerospace & Defence,2026-06-05,2026-06-08,2026-06-09,948.0,1042.8,1042.8,900.6,TARGET_HIT,true,1,1,10.0,10.54,-0.74,16.89,45.45,,,false,2026-06-23
target_5_stop_5,PARAS,Midcap,Midcap,Aerospace & Defence,2026-06-05,2026-06-08,2026-06-09,948.0,995.4,995.4,900.6,TARGET_HIT,true,1,1,5.0,10.54,-0.74,16.89,45.45,,,false,2026-06-23
target_10_stop_5,RPEL,Midcap,Midcap,Building Materials,2026-06-05,2026-06-08,2026-06-19,1115.75,1227.33,1227.33,1059.96,TARGET_HIT,true,9,11,10.0,10.6,-2.62,7.54,7.78,,,false,2026-06-23
target_5_stop_5,RPEL,Midcap,Midcap,Building Materials,2026-06-05,2026-06-08,2026-06-09,1115.75,1171.54,1171.54,1059.96,TARGET_HIT,true,1,1,5.0,5.3,-2.62,7.54,7.78,,,false,2026-06-23
target_10_stop_5,TIPSMUSIC,Midcap,Midcap,Media,2026-06-05,2026-06-08,2026-06-10,678.0,644.1,745.8,644.1,STOP_LOSS,false,2,2,-5.0,0.74,-5.64,-5.59,-3.83,,,false,2026-06-23
target_5_stop_5,TIPSMUSIC,Midcap,Midcap,Media,2026-06-05,2026-06-08,2026-06-10,678.0,644.1,711.9,644.1,STOP_LOSS,false,2,2,-5.0,0.74,-5.64,-5.59,-3.83,,,false,2026-06-23
target_10_stop_5,INOXINDIA,Midcap,Midcap,Industrials,2026-06-08,2026-06-09,2026-06-10,1675.1,1842.61,1842.61,1591.34,TARGET_HIT,true,1,1,10.0,18.2,-1.15,9.82,17.49,,,false,2026-06-23
target_5_stop_5,INOXINDIA,Midcap,Midcap,Industrials,2026-06-08,2026-06-09,2026-06-10,1675.1,1758.86,1758.86,1591.34,TARGET_HIT,true,1,1,5.0,18.2,-1.15,9.82,17.49,,,false,2026-06-23
target_10_stop_5,KIMS,Largecap,Largecap,Healthcare,2026-06-08,2026-06-09,2026-06-10,806.0,765.7,886.6,765.7,STOP_LOSS,false,1,1,-5.0,0.0,-5.69,,,,,false,2026-06-12
target_5_stop_5,KIMS,Largecap,Largecap,Healthcare,2026-06-08,2026-06-09,2026-06-10,806.0,765.7,846.3,765.7,STOP_LOSS,false,1,1,-5.0,0.0,-5.69,,,,,false,2026-06-12
target_10_stop_5,SVLL,Smallcap,Smallcap,Transportation,2026-06-08,,,,,,,NO_PRICE_DATA,false,,,,,,,,,,false,
target_5_stop_5,SVLL,Smallcap,Smallcap,Transportation,2026-06-08,,,,,,,NO_PRICE_DATA,false,,,,,,,,,,false,
target_10_stop_5,THYROCARE,Midcap,Midcap,Healthcare,2026-06-08,2026-06-09,2026-06-23,542.0,553.0,596.2,514.9,EXIT_AT_END,false,10,14,2.03,6.69,-4.57,-1.55,2.03,,,false,2026-06-23
target_5_stop_5,THYROCARE,Midcap,Midcap,Healthcare,2026-06-08,2026-06-09,2026-06-09,542.0,569.1,569.1,514.9,TARGET_HIT,true,0,0,5.0,6.69,-0.74,-1.55,2.03,,,false,2026-06-23
target_10_stop_5,DATAPATTNS,Largecap,Largecap,Aerospace & Defence,2026-06-09,2026-06-10,2026-06-10,4600.0,4370.0,5060.0,4370.0,STOP_LOSS,false,0,0,-5.0,2.65,-5.76,3.69,,,,false,2026-06-23
target_5_stop_5,DATAPATTNS,Largecap,Largecap,Aerospace & Defence,2026-06-09,2026-06-10,2026-06-10,4600.0,4370.0,4830.0,4370.0,STOP_LOSS,false,0,0,-5.0,2.65,-5.76,3.69,,,,false,2026-06-23
target_10_stop_5,CAPLIPOINT,Midcap,Midcap,Healthcare,2026-06-10,2026-06-11,2026-06-12,2309.4,2407.8,2540.34,2193.93,EXIT_AT_END,false,1,1,4.26,5.01,-0.79,,,,,false,2026-06-12
target_5_stop_5,CAPLIPOINT,Midcap,Midcap,Healthcare,2026-06-10,2026-06-11,2026-06-12,2309.4,2424.87,2424.87,2193.93,TARGET_HIT,true,1,1,5.0,5.01,-0.79,,,,,false,2026-06-12
target_10_stop_5,GOLDIAM,Midcap,Midcap,Consumer Discretionary,2026-06-10,2026-06-11,2026-06-12,426.1,468.71,468.71,404.8,TARGET_HIT,true,1,1,10.0,13.82,-1.72,12.58,,,,false,2026-06-23
target_5_stop_5,GOLDIAM,Midcap,Midcap,Consumer Discretionary,2026-06-10,2026-06-11,2026-06-12,426.1,447.41,447.41,404.8,TARGET_HIT,true,1,1,5.0,13.82,-1.72,12.58,,,,false,2026-06-23
target_10_stop_5,MSTCLTD,Smallcap,Smallcap,I.T,2026-06-11,2026-06-12,2026-06-15,568.0,624.8,624.8,539.6,TARGET_HIT,true,1,3,10.0,17.25,-1.41,21.96,,,,false,2026-06-23
target_5_stop_5,MSTCLTD,Smallcap,Smallcap,I.T,2026-06-11,2026-06-12,2026-06-15,568.0,596.4,596.4,539.6,TARGET_HIT,true,1,3,5.0,17.25,-1.41,21.96,,,,false,2026-06-23
target_10_stop_5,CAPLIPOINT,Midcap,Midcap,Healthcare,2026-06-12,,,,,,,NO_NEXT_TRADING_DAY,false,,,,,,,,,,false,2026-06-12
target_5_stop_5,CAPLIPOINT,Midcap,Midcap,Healthcare,2026-06-12,,,,,,,NO_NEXT_TRADING_DAY,false,,,,,,,,,,false,2026-06-12
target_10_stop_5,GOLDIAM,Midcap,Midcap,Consumer Discretionary,2026-06-12,2026-06-15,2026-06-23,480.0,471.5,528.0,456.0,EXIT_AT_END,false,6,8,-1.77,5.72,-3.48,-2.2,,,,false,2026-06-23
target_5_stop_5,GOLDIAM,Midcap,Midcap,Consumer Discretionary,2026-06-12,2026-06-15,2026-06-17,480.0,504.0,504.0,456.0,TARGET_HIT,true,2,2,5.0,5.21,-3.48,-2.2,,,,false,2026-06-23
target_10_stop_5,CGCL,Largecap,Largecap,Financials,2026-06-15,2026-06-16,2026-06-24,216.0,218.75,237.6,205.2,EXIT_AT_END,false,6,8,1.27,4.63,-0.76,0.8,,,,false,2026-06-24
target_5_stop_5,CGCL,Largecap,Largecap,Financials,2026-06-15,2026-06-16,2026-06-24,216.0,218.75,226.8,205.2,EXIT_AT_END,false,6,8,1.27,4.63,-0.76,0.8,,,,false,2026-06-24
target_10_stop_5,PIDILITIND,Largecap,Largecap,Chemicals,2026-06-15,2026-06-16,2026-06-23,1587.0,1573.9,1745.7,1507.65,EXIT_AT_END,false,5,7,-0.83,0.78,-2.17,-0.83,,,,false,2026-06-23
target_5_stop_5,PIDILITIND,Largecap,Largecap,Chemicals,2026-06-15,2026-06-16,2026-06-23,1587.0,1573.9,1666.35,1507.65,EXIT_AT_END,false,5,7,-0.83,0.78,-2.17,-0.83,,,,false,2026-06-23
target_10_stop_5,SANGHVIMOV,Smallcap,Smallcap,Miscellaneous,2026-06-15,2026-06-16,2026-06-16,427.65,406.27,470.42,406.27,STOP_LOSS,false,0,0,-5.0,0.11,-5.05,,,,,false,2026-06-22
target_5_stop_5,SANGHVIMOV,Smallcap,Smallcap,Miscellaneous,2026-06-15,2026-06-16,2026-06-16,427.65,406.27,449.03,406.27,STOP_LOSS,false,0,0,-5.0,0.11,-5.05,,,,,false,2026-06-22
target_10_stop_5,ABCAPITAL,Largecap,Largecap,Financials,2026-06-16,2026-06-17,2026-06-23,374.8,383.1,412.28,356.06,EXIT_AT_END,false,4,6,2.21,5.23,-1.65,,,,,false,2026-06-23
target_5_stop_5,ABCAPITAL,Largecap,Largecap,Financials,2026-06-16,2026-06-17,2026-06-23,374.8,393.54,393.54,356.06,TARGET_HIT,true,4,6,5.0,5.23,-1.65,,,,,false,2026-06-23
target_10_stop_5,GMRAIRPORT,Largecap,Largecap,Miscellaneous,2026-06-16,2026-06-17,2026-06-24,107.96,108.1,118.76,102.56,EXIT_AT_END,false,5,7,0.13,2.95,-1.47,0.13,,,,false,2026-06-24
target_5_stop_5,GMRAIRPORT,Largecap,Largecap,Miscellaneous,2026-06-16,2026-06-17,2026-06-24,107.96,108.1,113.36,102.56,EXIT_AT_END,false,5,7,0.13,2.95,-1.47,0.13,,,,false,2026-06-24
target_10_stop_5,LALPATHLAB,Largecap,Largecap,Healthcare,2026-06-16,,,,,,,NO_NEXT_TRADING_DAY,false,,,,,,,,,,false,2026-06-12
target_5_stop_5,LALPATHLAB,Largecap,Largecap,Healthcare,2026-06-16,,,,,,,NO_NEXT_TRADING_DAY,false,,,,,,,,,,false,2026-06-12
target_10_stop_5,AEROENTER,Smallcap,Smallcap,Metals & Mining,2026-06-17,,,,,,,NO_PRICE_DATA,false,,,,,,,,,,false,
target_5_stop_5,AEROENTER,Smallcap,Smallcap,Metals & Mining,2026-06-17,,,,,,,NO_PRICE_DATA,false,,,,,,,,,,false,
target_10_stop_5,INGERRAND,Midcap,Midcap,Industrials,2026-06-18,,,,,,,NO_PRICE_DATA,false,,,,,,,,,,false,
target_5_stop_5,INGERRAND,Midcap,Midcap,Industrials,2026-06-18,,,,,,,NO_PRICE_DATA,false,,,,,,,,,,false,
target_10_stop_5,THELEELA,Midcap,Midcap,Services,2026-06-19,,,,,,,NO_NEXT_TRADING_DAY,false,,,,,,,,,,false,2026-06-12
target_5_stop_5,THELEELA,Midcap,Midcap,Services,2026-06-19,,,,,,,NO_NEXT_TRADING_DAY,false,,,,,,,,,,false,2026-06-12
target_10_stop_5,EDELWEISS,Midcap,Midcap,Financials,2026-06-22,2026-06-23,2026-06-23,130.5,127.0,143.55,123.98,EXIT_AT_END,false,0,0,-2.68,2.61,-3.03,,,,,false,2026-06-23
target_5_stop_5,EDELWEISS,Midcap,Midcap,Financials,2026-06-22,2026-06-23,2026-06-23,130.5,127.0,137.03,123.98,EXIT_AT_END,false,0,0,-2.68,2.61,-3.03,,,,,false,2026-06-23
target_10_stop_5,KMEW,Midcap,Midcap,Transportation,2026-06-22,2026-06-23,2026-06-23,2344.0,2350.0,2578.4,2226.8,EXIT_AT_END,false,0,0,0.26,2.3,-2.29,,,,,false,2026-06-23
target_5_stop_5,KMEW,Midcap,Midcap,Transportation,2026-06-22,2026-06-23,2026-06-23,2344.0,2350.0,2461.2,2226.8,EXIT_AT_END,false,0,0,0.26,2.3,-2.29,,,,,false,2026-06-23
target_10_stop_5,PRUDENT,Midcap,Midcap,Financials,2026-06-22,2026-06-23,2026-06-23,3095.0,3075.0,3404.5,2940.25,EXIT_AT_END,false,0,0,-0.65,2.1,-2.29,,,,,false,2026-06-23
target_5_stop_5,PRUDENT,Midcap,Midcap,Financials,2026-06-22,2026-06-23,2026-06-23,3095.0,3075.0,3249.75,2940.25,EXIT_AT_END,false,0,0,-0.65,2.1,-2.29,,,,,false,2026-06-23
target_10_stop_5,TEXINFRA,Smallcap,Smallcap,Realty,2026-06-22,,,,,,,NO_NEXT_TRADING_DAY,false,,,,,,,,,,false,2026-06-22
target_5_stop_5,TEXINFRA,Smallcap,Smallcap,Realty,2026-06-22,,,,,,,NO_NEXT_TRADING_DAY,false,,,,,,,,,,false,2026-06-22
target_10_stop_5,KOVAI,Midcap,Midcap,Healthcare,2026-06-23,,,,,,,NO_PRICE_DATA,false,,,,,,,,,,false,
target_5_stop_5,KOVAI,Midcap,Midcap,Healthcare,2026-06-23,,,,,,,NO_PRICE_DATA,false,,,,,,,,,,false,
target_10_stop_5,AETHER,Midcap,Midcap,Chemicals,2026-06-24,,,,,,,NO_NEXT_TRADING_DAY,false,,,,,,,,,,false,2026-06-24
target_5_stop_5,AETHER,Midcap,Midcap,Chemicals,2026-06-24,,,,,,,NO_NEXT_TRADING_DAY,false,,,,,,,,,,false,2026-06-24
target_10_stop_5,AUROPHARMA,Largecap,Largecap,Healthcare,2026-06-24,,,,,,,NO_NEXT_TRADING_DAY,false,,,,,,,,,,false,2026-06-23
target_5_stop_5,AUROPHARMA,Largecap,Largecap,Healthcare,2026-06-24,,,,,,,NO_NEXT_TRADING_DAY,false,,,,,,,,,,false,2026-06-23
target_10_stop_5,KPRMILL,Largecap,Largecap,Consumer Discretionary,2026-06-24,,,,,,,NO_NEXT_TRADING_DAY,false,,,,,,,,,,false,2026-06-24
target_5_stop_5,KPRMILL,Largecap,Largecap,Consumer Discretionary,2026-06-24,,,,,,,NO_NEXT_TRADING_DAY,false,,,,,,,,,,false,2026-06-24
target_10_stop_5,STEELCAS,Smallcap,Smallcap,Industrials,2026-06-24,,,,,,,NO_PRICE_DATA,false,,,,,,,,,,false,
target_5_stop_5,STEELCAS,Smallcap,Smallcap,Industrials,2026-06-24,,,,,,,NO_PRICE_DATA,false,,,,,,,,,,false,
target_10_stop_5,AUROPHARMA,Largecap,Largecap,Healthcare,2026-06-25,,,,,,,NO_NEXT_TRADING_DAY,false,,,,,,,,,,false,2026-06-23
target_5_stop_5,AUROPHARMA,Largecap,Largecap,Healthcare,2026-06-25,,,,,,,NO_NEXT_TRADING_DAY,false,,,,,,,,,,false,2026-06-23
target_10_stop_5,PIXTRANS,Smallcap,Smallcap,FMCG,2026-06-25,,,,,,,NO_NEXT_TRADING_DAY,false,,,,,,,,,,false,2026-06-25
target_5_stop_5,PIXTRANS,Smallcap,Smallcap,FMCG,2026-06-25,,,,,,,NO_NEXT_TRADING_DAY,false,,,,,,,,,,false,2026-06-25
